,ad_campaign_social_id,ad_campaign_initiative_id,ad_campaign_impression,ad_campaign_click,ad_campaign_updated_by,ad_campaign_updated_time,ad_campaign_created_by
0,ACSI50c2e82ddd503,IN50c2e82ddd503,0,1,User,2020-08-17,User
1,ACSI50c2e82ddd501,IN50c2e82ddd501,0,1,User,2022-01-20,User
2,ACSI50c2e82ddd503,IN50c2e82ddd503,0,1,User,2020-08-17,User
3,ACSI50c2e82ddd501,IN50c2e82ddd501,0,1,User,2022-01-20,User
4,ACSI50c2e82ddd503,IN50c2e82ddd503,0,1,User,2020-08-17,User
5,ACSI50c2e82ddd500,IN50c2e82ddd500,0,1,User,2022-05-21,User
6,ACSI50c2e82ddd502,IN50c2e82ddd502,0,1,User,2021-02-22,User
7,ACSI50c2e82ddd501,IN50c2e82ddd501,0,1,User,2022-01-20,User
8,ACSI50c2e82ddd503,IN50c2e82ddd503,0,1,User,2020-08-17,User
9,ACSI50c2e82ddd500,IN50c2e82ddd500,0,1,User,2022-05-21,User
10,ACSI50c2e82ddd503,IN50c2e82ddd503,0,1,User,2020-08-17,User
11,ACSI50c2e82ddd500,IN50c2e82ddd500,0,1,User,2022-05-21,User
12,ACSI50c2e82ddd503,IN50c2e82ddd503,0,1,User,2020-08-17,User
13,ACSI50c2e82ddd501,IN50c2e82ddd501,0,1,User,2022-01-20,User
14,ACSI50c2e82ddd500,IN50c2e82ddd500,0,1,User,2022-05-21,User
15,ACSI50c2e82ddd500,IN50c2e82ddd500,0,1,User,2022-05-21,User
16,ACSI50c2e82ddd503,IN50c2e82ddd503,0,1,User,2020-08-17,User
17,ACSI50c2e82ddd503,IN50c2e82ddd503,0,1,User,2020-08-17,User
18,ACSI50c2e82ddd501,IN50c2e82ddd501,0,1,User,2022-01-20,User
19,ACSI50c2e82ddd503,IN50c2e82ddd503,0,1,User,2020-08-17,User
20,ACSI50c2e82ddd500,IN50c2e82ddd500,0,1,User,2022-05-21,User
21,ACSI50c2e82ddd503,IN50c2e82ddd503,0,1,User,2020-08-17,User
22,ACSI50c2e82ddd501,IN50c2e82ddd501,0,1,User,2022-01-20,User
23,ACSI50c2e82ddd501,IN50c2e82ddd501,0,1,User,2022-01-20,User
24,ACSI50c2e82ddd500,IN50c2e82ddd500,0,1,User,2022-05-21,User
25,ACSI50c2e82ddd500,IN50c2e82ddd500,0,1,User,2022-05-21,User
26,ACSI50c2e82ddd501,IN50c2e82ddd501,0,1,User,2022-01-20,User
27,ACSI50c2e82ddd503,IN50c2e82ddd503,0,1,User,2020-08-17,User
28,ACSI50c2e82ddd501,IN50c2e82ddd501,0,1,User,2022-01-20,User
29,ACSI50c2e82ddd500,IN50c2e82ddd500,0,1,User,2022-05-21,User
30,ACSI50c2e82ddd500,IN50c2e82ddd500,0,1,User,2022-05-21,User
31,ACSI50c2e82ddd500,IN50c2e82ddd500,0,1,User,2022-05-21,User
32,ACSI50c2e82ddd500,IN50c2e82ddd500,0,1,User,2022-05-21,User
33,ACSI50c2e82ddd501,IN50c2e82ddd501,0,1,User,2022-01-20,User
34,ACSI50c2e82ddd503,IN50c2e82ddd503,0,1,User,2020-08-17,User
35,ACSI50c2e82ddd500,IN50c2e82ddd500,0,1,User,2022-05-21,User
36,ACSI50c2e82ddd503,IN50c2e82ddd503,0,1,User,2020-08-17,User
37,ACSI50c2e82ddd501,IN50c2e82ddd501,0,1,User,2022-01-20,User
38,ACSI50c2e82ddd500,IN50c2e82ddd500,0,1,User,2022-05-21,User
39,ACSI50c2e82ddd503,IN50c2e82ddd503,0,1,User,2020-08-17,User
40,ACSI50c2e82ddd501,IN50c2e82ddd501,0,1,User,2022-01-20,User
41,ACSI50c2e82ddd501,IN50c2e82ddd501,0,1,User,2022-01-20,User
42,ACSI50c2e82ddd502,IN50c2e82ddd502,0,1,User,2021-02-22,User
43,ACSI50c2e82ddd501,IN50c2e82ddd501,0,1,User,2022-01-20,User
44,ACSI50c2e82ddd500,IN50c2e82ddd500,0,1,User,2022-05-21,User
45,ACSI50c2e82ddd502,IN50c2e82ddd502,0,1,User,2021-02-22,User
46,ACSI50c2e82ddd501,IN50c2e82ddd501,0,1,User,2022-01-20,User
47,ACSI50c2e82ddd500,IN50c2e82ddd500,0,1,User,2022-05-21,User
48,ACSI50c2e82ddd500,IN50c2e82ddd500,0,1,User,2022-05-21,User
49,ACSI50c2e82ddd502,IN50c2e82ddd502,0,1,User,2021-02-22,User
50,ACSI50c2e82ddd501,IN50c2e82ddd501,0,1,User,2022-01-20,User
51,ACSI50c2e82ddd500,IN50c2e82ddd500,0,1,User,2022-05-21,User
52,ACSI50c2e82ddd502,IN50c2e82ddd502,0,1,User,2021-02-22,User
53,ACSI50c2e82ddd503,IN50c2e82ddd503,0,1,User,2020-08-17,User
54,ACSI50c2e82ddd500,IN50c2e82ddd500,0,1,User,2022-05-21,User
55,ACSI50c2e82ddd500,IN50c2e82ddd500,0,1,User,2022-05-21,User
56,ACSI50c2e82ddd502,IN50c2e82ddd502,0,1,User,2021-02-22,User
57,ACSI50c2e82ddd503,IN50c2e82ddd503,0,1,User,2020-08-17,User
58,ACSI50c2e82ddd502,IN50c2e82ddd502,0,1,User,2021-02-22,User
59,ACSI50c2e82ddd503,IN50c2e82ddd503,0,1,User,2020-08-17,User
60,ACSI50c2e82ddd501,IN50c2e82ddd501,0,1,User,2022-01-20,User
61,ACSI50c2e82ddd502,IN50c2e82ddd502,0,1,User,2021-02-22,User
62,ACSI50c2e82ddd503,IN50c2e82ddd503,0,1,User,2020-08-17,User
63,ACSI50c2e82ddd503,IN50c2e82ddd503,0,1,User,2020-08-17,User
64,ACSI50c2e82ddd501,IN50c2e82ddd501,0,1,User,2022-01-20,User
65,ACSI50c2e82ddd501,IN50c2e82ddd501,0,1,User,2022-01-20,User
66,ACSI50c2e82ddd500,IN50c2e82ddd500,0,1,User,2022-05-21,User
67,ACSI50c2e82ddd502,IN50c2e82ddd502,0,1,User,2021-02-22,User
68,ACSI50c2e82ddd500,IN50c2e82ddd500,0,1,User,2022-05-21,User
69,ACSI50c2e82ddd501,IN50c2e82ddd501,0,1,User,2022-01-20,User
70,ACSI50c2e82ddd503,IN50c2e82ddd503,0,1,User,2020-08-17,User
71,ACSI50c2e82ddd502,IN50c2e82ddd502,0,1,User,2021-02-22,User
72,ACSI50c2e82ddd503,IN50c2e82ddd503,0,1,User,2020-08-17,User
73,ACSI50c2e82ddd502,IN50c2e82ddd502,0,1,User,2021-02-22,User
74,ACSI50c2e82ddd500,IN50c2e82ddd500,0,1,User,2022-05-21,User
75,ACSI50c2e82ddd503,IN50c2e82ddd503,0,1,User,2020-08-17,User
76,ACSI50c2e82ddd500,IN50c2e82ddd500,0,1,User,2022-05-21,User
77,ACSI50c2e82ddd502,IN50c2e82ddd502,0,1,User,2021-02-22,User
78,ACSI50c2e82ddd503,IN50c2e82ddd503,0,1,User,2020-08-17,User
79,ACSI50c2e82ddd502,IN50c2e82ddd502,0,1,User,2021-02-22,User
80,ACSI50c2e82ddd501,IN50c2e82ddd501,0,1,User,2022-01-20,User
81,ACSI50c2e82ddd500,IN50c2e82ddd500,0,1,User,2022-05-21,User
82,ACSI50c2e82ddd503,IN50c2e82ddd503,0,1,User,2020-08-17,User
83,ACSI50c2e82ddd502,IN50c2e82ddd502,0,1,User,2021-02-22,User
84,ACSI50c2e82ddd501,IN50c2e82ddd501,0,1,User,2022-01-20,User
85,ACSI50c2e82ddd502,IN50c2e82ddd502,0,1,User,2021-02-22,User
86,ACSI50c2e82ddd500,IN50c2e82ddd500,0,1,User,2022-05-21,User
87,ACSI50c2e82ddd501,IN50c2e82ddd501,0,1,User,2022-01-20,User
88,ACSI50c2e82ddd501,IN50c2e82ddd501,0,1,User,2022-01-20,User
89,ACSI50c2e82ddd500,IN50c2e82ddd500,0,1,User,2022-05-21,User
90,ACSI50c2e82ddd500,IN50c2e82ddd500,0,1,User,2022-05-21,User
91,ACSI50c2e82ddd501,IN50c2e82ddd501,0,1,User,2022-01-20,User
92,ACSI50c2e82ddd503,IN50c2e82ddd503,0,1,User,2020-08-17,User
93,ACSI50c2e82ddd503,IN50c2e82ddd503,0,1,User,2020-08-17,User
94,ACSI50c2e82ddd503,IN50c2e82ddd503,0,1,User,2020-08-17,User
95,ACSI50c2e82ddd502,IN50c2e82ddd502,0,1,User,2021-02-22,User
96,ACSI50c2e82ddd500,IN50c2e82ddd500,0,1,User,2022-05-21,User
97,ACSI50c2e82ddd500,IN50c2e82ddd500,0,1,User,2022-05-21,User
98,ACSI50c2e82ddd502,IN50c2e82ddd502,0,1,User,2021-02-22,User
99,ACSI50c2e82ddd502,IN50c2e82ddd502,0,1,User,2021-02-22,User
100,ACSI50c2e82ddd501,IN50c2e82ddd501,0,1,User,2022-01-20,User
101,ACSI50c2e82ddd503,IN50c2e82ddd503,0,1,User,2020-08-17,User
102,ACSI50c2e82ddd502,IN50c2e82ddd502,0,1,User,2021-02-22,User
103,ACSI50c2e82ddd501,IN50c2e82ddd501,0,1,User,2022-01-20,User
104,ACSI50c2e82ddd500,IN50c2e82ddd500,0,1,User,2022-05-21,User
105,ACSI50c2e82ddd501,IN50c2e82ddd501,0,1,User,2022-01-20,User
106,ACSI50c2e82ddd503,IN50c2e82ddd503,0,1,User,2020-08-17,User
107,ACSI50c2e82ddd502,IN50c2e82ddd502,0,1,User,2021-02-22,User
108,ACSI50c2e82ddd501,IN50c2e82ddd501,0,1,User,2022-01-20,User
109,ACSI50c2e82ddd502,IN50c2e82ddd502,0,1,User,2021-02-22,User
110,ACSI50c2e82ddd501,IN50c2e82ddd501,0,1,User,2022-01-20,User
111,ACSI50c2e82ddd502,IN50c2e82ddd502,0,1,User,2021-02-22,User
112,ACSI50c2e82ddd500,IN50c2e82ddd500,0,1,User,2022-05-21,User
113,ACSI50c2e82ddd502,IN50c2e82ddd502,0,1,User,2021-02-22,User
114,ACSI50c2e82ddd501,IN50c2e82ddd501,0,1,User,2022-01-20,User
115,ACSI50c2e82ddd500,IN50c2e82ddd500,0,1,User,2022-05-21,User
116,ACSI50c2e82ddd502,IN50c2e82ddd502,0,1,User,2021-02-22,User
117,ACSI50c2e82ddd500,IN50c2e82ddd500,0,1,User,2022-05-21,User
118,ACSI50c2e82ddd502,IN50c2e82ddd502,0,1,User,2021-02-22,User
119,ACSI50c2e82ddd501,IN50c2e82ddd501,0,1,User,2022-01-20,User
120,ACSI50c2e82ddd503,IN50c2e82ddd503,0,1,User,2020-08-17,User
121,ACSI50c2e82ddd503,IN50c2e82ddd503,0,1,User,2020-08-17,User
122,ACSI50c2e82ddd501,IN50c2e82ddd501,0,1,User,2022-01-20,User
123,ACSI50c2e82ddd500,IN50c2e82ddd500,0,1,User,2022-05-21,User
124,ACSI50c2e82ddd501,IN50c2e82ddd501,0,1,User,2022-01-20,User
125,ACSI50c2e82ddd500,IN50c2e82ddd500,0,1,User,2022-05-21,User
126,ACSI50c2e82ddd502,IN50c2e82ddd502,0,1,User,2021-02-22,User
127,ACSI50c2e82ddd501,IN50c2e82ddd501,0,1,User,2022-01-20,User
128,ACSI50c2e82ddd501,IN50c2e82ddd501,0,1,User,2022-01-20,User
129,ACSI50c2e82ddd502,IN50c2e82ddd502,0,1,User,2021-02-22,User
130,ACSI50c2e82ddd501,IN50c2e82ddd501,0,1,User,2022-01-20,User
131,ACSI50c2e82ddd503,IN50c2e82ddd503,0,1,User,2020-08-17,User
132,ACSI50c2e82ddd501,IN50c2e82ddd501,0,1,User,2022-01-20,User
133,ACSI50c2e82ddd500,IN50c2e82ddd500,0,1,User,2022-05-21,User
134,ACSI50c2e82ddd503,IN50c2e82ddd503,0,1,User,2020-08-17,User
135,ACSI50c2e82ddd503,IN50c2e82ddd503,0,1,User,2020-08-17,User
136,ACSI50c2e82ddd501,IN50c2e82ddd501,0,1,User,2022-01-20,User
137,ACSI50c2e82ddd502,IN50c2e82ddd502,0,1,User,2021-02-22,User
138,ACSI50c2e82ddd500,IN50c2e82ddd500,0,1,User,2022-05-21,User
139,ACSI50c2e82ddd502,IN50c2e82ddd502,0,1,User,2021-02-22,User
140,ACSI50c2e82ddd502,IN50c2e82ddd502,0,1,User,2021-02-22,User
141,ACSI50c2e82ddd503,IN50c2e82ddd503,0,1,User,2020-08-17,User
142,ACSI50c2e82ddd502,IN50c2e82ddd502,0,1,User,2021-02-22,User
143,ACSI50c2e82ddd500,IN50c2e82ddd500,0,1,User,2022-05-21,User
144,ACSI50c2e82ddd502,IN50c2e82ddd502,0,1,User,2021-02-22,User
145,ACSI50c2e82ddd502,IN50c2e82ddd502,0,1,User,2021-02-22,User
146,ACSI50c2e82ddd502,IN50c2e82ddd502,0,1,User,2021-02-22,User
147,ACSI50c2e82ddd501,IN50c2e82ddd501,0,1,User,2022-01-20,User
148,ACSI50c2e82ddd501,IN50c2e82ddd501,0,1,User,2022-01-20,User
149,ACSI50c2e82ddd503,IN50c2e82ddd503,0,1,User,2020-08-17,User
150,ACSI50c2e82ddd500,IN50c2e82ddd500,0,1,User,2022-05-21,User
151,ACSI50c2e82ddd502,IN50c2e82ddd502,0,1,User,2021-02-22,User
152,ACSI50c2e82ddd501,IN50c2e82ddd501,0,1,User,2022-01-20,User
153,ACSI50c2e82ddd501,IN50c2e82ddd501,0,1,User,2022-01-20,User
154,ACSI50c2e82ddd501,IN50c2e82ddd501,0,1,User,2022-01-20,User
155,ACSI50c2e82ddd500,IN50c2e82ddd500,0,1,User,2022-05-21,User
156,ACSI50c2e82ddd502,IN50c2e82ddd502,0,1,User,2021-02-22,User
157,ACSI50c2e82ddd503,IN50c2e82ddd503,0,1,User,2020-08-17,User
158,ACSI50c2e82ddd501,IN50c2e82ddd501,0,1,User,2022-01-20,User
159,ACSI50c2e82ddd501,IN50c2e82ddd501,0,1,User,2022-01-20,User
160,ACSI50c2e82ddd503,IN50c2e82ddd503,0,1,User,2020-08-17,User
161,ACSI50c2e82ddd500,IN50c2e82ddd500,0,1,User,2022-05-21,User
162,ACSI50c2e82ddd501,IN50c2e82ddd501,0,1,User,2022-01-20,User
163,ACSI50c2e82ddd503,IN50c2e82ddd503,0,1,User,2020-08-17,User
164,ACSI50c2e82ddd501,IN50c2e82ddd501,0,1,User,2022-01-20,User
165,ACSI50c2e82ddd501,IN50c2e82ddd501,0,1,User,2022-01-20,User
166,ACSI50c2e82ddd503,IN50c2e82ddd503,0,1,User,2020-08-17,User
167,ACSI50c2e82ddd501,IN50c2e82ddd501,0,1,User,2022-01-20,User
168,ACSI50c2e82ddd500,IN50c2e82ddd500,0,1,User,2022-05-21,User
169,ACSI50c2e82ddd500,IN50c2e82ddd500,0,1,User,2022-05-21,User
170,ACSI50c2e82ddd500,IN50c2e82ddd500,0,1,User,2022-05-21,User
171,ACSI50c2e82ddd501,IN50c2e82ddd501,0,1,User,2022-01-20,User
172,ACSI50c2e82ddd501,IN50c2e82ddd501,0,1,User,2022-01-20,User
173,ACSI50c2e82ddd502,IN50c2e82ddd502,0,1,User,2021-02-22,User
174,ACSI50c2e82ddd503,IN50c2e82ddd503,0,1,User,2020-08-17,User
175,ACSI50c2e82ddd500,IN50c2e82ddd500,0,1,User,2022-05-21,User
176,ACSI50c2e82ddd500,IN50c2e82ddd500,0,1,User,2022-05-21,User
177,ACSI50c2e82ddd503,IN50c2e82ddd503,0,1,User,2020-08-17,User
178,ACSI50c2e82ddd502,IN50c2e82ddd502,0,1,User,2021-02-22,User
179,ACSI50c2e82ddd503,IN50c2e82ddd503,0,1,User,2020-08-17,User
180,ACSI50c2e82ddd501,IN50c2e82ddd501,0,1,User,2022-01-20,User
181,ACSI50c2e82ddd502,IN50c2e82ddd502,0,1,User,2021-02-22,User
182,ACSI50c2e82ddd503,IN50c2e82ddd503,0,1,User,2020-08-17,User
183,ACSI50c2e82ddd500,IN50c2e82ddd500,0,1,User,2022-05-21,User
184,ACSI50c2e82ddd500,IN50c2e82ddd500,0,1,User,2022-05-21,User
185,ACSI50c2e82ddd502,IN50c2e82ddd502,0,1,User,2021-02-22,User
186,ACSI50c2e82ddd503,IN50c2e82ddd503,0,1,User,2020-08-17,User
187,ACSI50c2e82ddd500,IN50c2e82ddd500,0,1,User,2022-05-21,User
188,ACSI50c2e82ddd500,IN50c2e82ddd500,0,1,User,2022-05-21,User
189,ACSI50c2e82ddd500,IN50c2e82ddd500,0,1,User,2022-05-21,User
190,ACSI50c2e82ddd501,IN50c2e82ddd501,0,1,User,2022-01-20,User
191,ACSI50c2e82ddd503,IN50c2e82ddd503,0,1,User,2020-08-17,User
192,ACSI50c2e82ddd503,IN50c2e82ddd503,0,1,User,2020-08-17,User
193,ACSI50c2e82ddd503,IN50c2e82ddd503,0,1,User,2020-08-17,User
194,ACSI50c2e82ddd501,IN50c2e82ddd501,0,1,User,2022-01-20,User
195,ACSI50c2e82ddd503,IN50c2e82ddd503,0,1,User,2020-08-17,User
196,ACSI50c2e82ddd502,IN50c2e82ddd502,0,1,User,2021-02-22,User
197,ACSI50c2e82ddd500,IN50c2e82ddd500,0,1,User,2022-05-21,User
198,ACSI50c2e82ddd503,IN50c2e82ddd503,0,1,User,2020-08-17,User
199,ACSI50c2e82ddd503,IN50c2e82ddd503,0,1,User,2020-08-17,User
200,ACSI50c2e82ddd503,IN50c2e82ddd503,0,1,User,2020-08-17,User
201,ACSI50c2e82ddd501,IN50c2e82ddd501,0,1,User,2022-01-20,User
202,ACSI50c2e82ddd503,IN50c2e82ddd503,0,1,User,2020-08-17,User
203,ACSI50c2e82ddd502,IN50c2e82ddd502,0,1,User,2021-02-22,User
204,ACSI50c2e82ddd502,IN50c2e82ddd502,0,1,User,2021-02-22,User
205,ACSI50c2e82ddd503,IN50c2e82ddd503,0,1,User,2020-08-17,User
206,ACSI50c2e82ddd500,IN50c2e82ddd500,0,1,User,2022-05-21,User
207,ACSI50c2e82ddd500,IN50c2e82ddd500,0,1,User,2022-05-21,User
208,ACSI50c2e82ddd503,IN50c2e82ddd503,0,1,User,2020-08-17,User
209,ACSI50c2e82ddd503,IN50c2e82ddd503,0,1,User,2020-08-17,User
210,ACSI50c2e82ddd501,IN50c2e82ddd501,0,1,User,2022-01-20,User
211,ACSI50c2e82ddd501,IN50c2e82ddd501,0,1,User,2022-01-20,User
212,ACSI50c2e82ddd503,IN50c2e82ddd503,0,1,User,2020-08-17,User
213,ACSI50c2e82ddd501,IN50c2e82ddd501,0,1,User,2022-01-20,User
214,ACSI50c2e82ddd501,IN50c2e82ddd501,0,1,User,2022-01-20,User
215,ACSI50c2e82ddd503,IN50c2e82ddd503,0,1,User,2020-08-17,User
216,ACSI50c2e82ddd502,IN50c2e82ddd502,0,1,User,2021-02-22,User
217,ACSI50c2e82ddd501,IN50c2e82ddd501,0,1,User,2022-01-20,User
218,ACSI50c2e82ddd502,IN50c2e82ddd502,0,1,User,2021-02-22,User
219,ACSI50c2e82ddd503,IN50c2e82ddd503,0,1,User,2020-08-17,User
220,ACSI50c2e82ddd501,IN50c2e82ddd501,0,1,User,2022-01-20,User
221,ACSI50c2e82ddd502,IN50c2e82ddd502,0,1,User,2021-02-22,User
222,ACSI50c2e82ddd502,IN50c2e82ddd502,0,1,User,2021-02-22,User
223,ACSI50c2e82ddd500,IN50c2e82ddd500,0,1,User,2022-05-21,User
224,ACSI50c2e82ddd502,IN50c2e82ddd502,0,1,User,2021-02-22,User
225,ACSI50c2e82ddd503,IN50c2e82ddd503,0,1,User,2020-08-17,User
226,ACSI50c2e82ddd502,IN50c2e82ddd502,0,1,User,2021-02-22,User
227,ACSI50c2e82ddd503,IN50c2e82ddd503,0,1,User,2020-08-17,User
228,ACSI50c2e82ddd502,IN50c2e82ddd502,0,1,User,2021-02-22,User
229,ACSI50c2e82ddd502,IN50c2e82ddd502,0,1,User,2021-02-22,User
230,ACSI50c2e82ddd503,IN50c2e82ddd503,0,1,User,2020-08-17,User
231,ACSI50c2e82ddd502,IN50c2e82ddd502,0,1,User,2021-02-22,User
232,ACSI50c2e82ddd502,IN50c2e82ddd502,0,1,User,2021-02-22,User
233,ACSI50c2e82ddd502,IN50c2e82ddd502,0,1,User,2021-02-22,User
234,ACSI50c2e82ddd501,IN50c2e82ddd501,0,1,User,2022-01-20,User
235,ACSI50c2e82ddd500,IN50c2e82ddd500,0,1,User,2022-05-21,User
236,ACSI50c2e82ddd502,IN50c2e82ddd502,0,1,User,2021-02-22,User
237,ACSI50c2e82ddd500,IN50c2e82ddd500,0,1,User,2022-05-21,User
238,ACSI50c2e82ddd502,IN50c2e82ddd502,0,1,User,2021-02-22,User
239,ACSI50c2e82ddd501,IN50c2e82ddd501,0,1,User,2022-01-20,User
240,ACSI50c2e82ddd501,IN50c2e82ddd501,0,1,User,2022-01-20,User
241,ACSI50c2e82ddd501,IN50c2e82ddd501,0,1,User,2022-01-20,User
242,ACSI50c2e82ddd500,IN50c2e82ddd500,0,1,User,2022-05-21,User
243,ACSI50c2e82ddd502,IN50c2e82ddd502,0,1,User,2021-02-22,User
244,ACSI50c2e82ddd501,IN50c2e82ddd501,0,1,User,2022-01-20,User
245,ACSI50c2e82ddd500,IN50c2e82ddd500,0,1,User,2022-05-21,User
246,ACSI50c2e82ddd500,IN50c2e82ddd500,0,1,User,2022-05-21,User
247,ACSI50c2e82ddd500,IN50c2e82ddd500,0,1,User,2022-05-21,User
248,ACSI50c2e82ddd502,IN50c2e82ddd502,0,1,User,2021-02-22,User
249,ACSI50c2e82ddd500,IN50c2e82ddd500,0,1,User,2022-05-21,User
250,ACSI50c2e82ddd501,IN50c2e82ddd501,0,1,User,2022-01-20,User
251,ACSI50c2e82ddd502,IN50c2e82ddd502,0,1,User,2021-02-22,User
252,ACSI50c2e82ddd501,IN50c2e82ddd501,0,1,User,2022-01-20,User
253,ACSI50c2e82ddd503,IN50c2e82ddd503,0,1,User,2020-08-17,User
254,ACSI50c2e82ddd502,IN50c2e82ddd502,0,1,User,2021-02-22,User
255,ACSI50c2e82ddd501,IN50c2e82ddd501,0,1,User,2022-01-20,User
256,ACSI50c2e82ddd502,IN50c2e82ddd502,0,1,User,2021-02-22,User
257,ACSI50c2e82ddd501,IN50c2e82ddd501,0,1,User,2022-01-20,User
258,ACSI50c2e82ddd501,IN50c2e82ddd501,0,1,User,2022-01-20,User
259,ACSI50c2e82ddd502,IN50c2e82ddd502,0,1,User,2021-02-22,User
260,ACSI50c2e82ddd501,IN50c2e82ddd501,0,1,User,2022-01-20,User
261,ACSI50c2e82ddd502,IN50c2e82ddd502,0,1,User,2021-02-22,User
262,ACSI50c2e82ddd503,IN50c2e82ddd503,0,1,User,2020-08-17,User
263,ACSI50c2e82ddd503,IN50c2e82ddd503,0,1,User,2020-08-17,User
264,ACSI50c2e82ddd501,IN50c2e82ddd501,0,1,User,2022-01-20,User
265,ACSI50c2e82ddd502,IN50c2e82ddd502,0,1,User,2021-02-22,User
266,ACSI50c2e82ddd503,IN50c2e82ddd503,0,1,User,2020-08-17,User
267,ACSI50c2e82ddd503,IN50c2e82ddd503,0,1,User,2020-08-17,User
268,ACSI50c2e82ddd503,IN50c2e82ddd503,0,1,User,2020-08-17,User
269,ACSI50c2e82ddd502,IN50c2e82ddd502,0,1,User,2021-02-22,User
270,ACSI50c2e82ddd500,IN50c2e82ddd500,0,1,User,2022-05-21,User
271,ACSI50c2e82ddd501,IN50c2e82ddd501,0,1,User,2022-01-20,User
272,ACSI50c2e82ddd500,IN50c2e82ddd500,0,1,User,2022-05-21,User
273,ACSI50c2e82ddd503,IN50c2e82ddd503,0,1,User,2020-08-17,User
274,ACSI50c2e82ddd501,IN50c2e82ddd501,0,1,User,2022-01-20,User
275,ACSI50c2e82ddd502,IN50c2e82ddd502,0,1,User,2021-02-22,User
276,ACSI50c2e82ddd501,IN50c2e82ddd501,0,1,User,2022-01-20,User
277,ACSI50c2e82ddd501,IN50c2e82ddd501,0,1,User,2022-01-20,User
278,ACSI50c2e82ddd503,IN50c2e82ddd503,0,1,User,2020-08-17,User
279,ACSI50c2e82ddd500,IN50c2e82ddd500,0,1,User,2022-05-21,User
280,ACSI50c2e82ddd502,IN50c2e82ddd502,0,1,User,2021-02-22,User
281,ACSI50c2e82ddd500,IN50c2e82ddd500,0,1,User,2022-05-21,User
282,ACSI50c2e82ddd501,IN50c2e82ddd501,0,1,User,2022-01-20,User
283,ACSI50c2e82ddd502,IN50c2e82ddd502,0,1,User,2021-02-22,User
284,ACSI50c2e82ddd500,IN50c2e82ddd500,0,1,User,2022-05-21,User
285,ACSI50c2e82ddd500,IN50c2e82ddd500,0,1,User,2022-05-21,User
286,ACSI50c2e82ddd503,IN50c2e82ddd503,0,1,User,2020-08-17,User
287,ACSI50c2e82ddd500,IN50c2e82ddd500,0,1,User,2022-05-21,User
288,ACSI50c2e82ddd501,IN50c2e82ddd501,0,1,User,2022-01-20,User
289,ACSI50c2e82ddd500,IN50c2e82ddd500,0,1,User,2022-05-21,User
290,ACSI50c2e82ddd501,IN50c2e82ddd501,0,1,User,2022-01-20,User
291,ACSI50c2e82ddd500,IN50c2e82ddd500,0,1,User,2022-05-21,User
292,ACSI50c2e82ddd503,IN50c2e82ddd503,0,1,User,2020-08-17,User
293,ACSI50c2e82ddd500,IN50c2e82ddd500,0,1,User,2022-05-21,User
294,ACSI50c2e82ddd500,IN50c2e82ddd500,0,1,User,2022-05-21,User
295,ACSI50c2e82ddd500,IN50c2e82ddd500,0,1,User,2022-05-21,User
296,ACSI50c2e82ddd502,IN50c2e82ddd502,0,1,User,2021-02-22,User
297,ACSI50c2e82ddd502,IN50c2e82ddd502,0,1,User,2021-02-22,User
298,ACSI50c2e82ddd500,IN50c2e82ddd500,0,1,User,2022-05-21,User
299,ACSI50c2e82ddd501,IN50c2e82ddd501,0,1,User,2022-01-20,User
300,ACSI50c2e82ddd501,IN50c2e82ddd501,0,1,User,2022-01-20,User
301,ACSI50c2e82ddd501,IN50c2e82ddd501,0,1,User,2022-01-20,User
302,ACSI50c2e82ddd502,IN50c2e82ddd502,0,1,User,2021-02-22,User
303,ACSI50c2e82ddd503,IN50c2e82ddd503,0,1,User,2020-08-17,User
304,ACSI50c2e82ddd502,IN50c2e82ddd502,0,1,User,2021-02-22,User
305,ACSI50c2e82ddd500,IN50c2e82ddd500,0,1,User,2022-05-21,User
306,ACSI50c2e82ddd502,IN50c2e82ddd502,0,1,User,2021-02-22,User
307,ACSI50c2e82ddd502,IN50c2e82ddd502,0,1,User,2021-02-22,User
308,ACSI50c2e82ddd501,IN50c2e82ddd501,0,1,User,2022-01-20,User
309,ACSI50c2e82ddd502,IN50c2e82ddd502,0,1,User,2021-02-22,User
310,ACSI50c2e82ddd502,IN50c2e82ddd502,0,1,User,2021-02-22,User
311,ACSI50c2e82ddd502,IN50c2e82ddd502,0,1,User,2021-02-22,User
312,ACSI50c2e82ddd502,IN50c2e82ddd502,0,1,User,2021-02-22,User
313,ACSI50c2e82ddd500,IN50c2e82ddd500,0,1,User,2022-05-21,User
314,ACSI50c2e82ddd503,IN50c2e82ddd503,0,1,User,2020-08-17,User
315,ACSI50c2e82ddd500,IN50c2e82ddd500,0,1,User,2022-05-21,User
316,ACSI50c2e82ddd501,IN50c2e82ddd501,0,1,User,2022-01-20,User
317,ACSI50c2e82ddd503,IN50c2e82ddd503,0,1,User,2020-08-17,User
318,ACSI50c2e82ddd500,IN50c2e82ddd500,0,1,User,2022-05-21,User
319,ACSI50c2e82ddd502,IN50c2e82ddd502,0,1,User,2021-02-22,User
320,ACSI50c2e82ddd502,IN50c2e82ddd502,0,1,User,2021-02-22,User
321,ACSI50c2e82ddd503,IN50c2e82ddd503,0,1,User,2020-08-17,User
322,ACSI50c2e82ddd501,IN50c2e82ddd501,0,1,User,2022-01-20,User
323,ACSI50c2e82ddd502,IN50c2e82ddd502,0,1,User,2021-02-22,User
324,ACSI50c2e82ddd503,IN50c2e82ddd503,0,1,User,2020-08-17,User
325,ACSI50c2e82ddd503,IN50c2e82ddd503,0,1,User,2020-08-17,User
326,ACSI50c2e82ddd502,IN50c2e82ddd502,0,1,User,2021-02-22,User
327,ACSI50c2e82ddd500,IN50c2e82ddd500,0,1,User,2022-05-21,User
328,ACSI50c2e82ddd503,IN50c2e82ddd503,0,1,User,2020-08-17,User
329,ACSI50c2e82ddd503,IN50c2e82ddd503,0,1,User,2020-08-17,User
330,ACSI50c2e82ddd501,IN50c2e82ddd501,0,1,User,2022-01-20,User
331,ACSI50c2e82ddd501,IN50c2e82ddd501,0,1,User,2022-01-20,User
332,ACSI50c2e82ddd501,IN50c2e82ddd501,0,1,User,2022-01-20,User
333,ACSI50c2e82ddd501,IN50c2e82ddd501,0,1,User,2022-01-20,User
334,ACSI50c2e82ddd501,IN50c2e82ddd501,0,1,User,2022-01-20,User
335,ACSI50c2e82ddd502,IN50c2e82ddd502,0,1,User,2021-02-22,User
336,ACSI50c2e82ddd503,IN50c2e82ddd503,0,1,User,2020-08-17,User
337,ACSI50c2e82ddd500,IN50c2e82ddd500,0,1,User,2022-05-21,User
338,ACSI50c2e82ddd500,IN50c2e82ddd500,0,1,User,2022-05-21,User
339,ACSI50c2e82ddd501,IN50c2e82ddd501,0,1,User,2022-01-20,User
340,ACSI50c2e82ddd500,IN50c2e82ddd500,0,1,User,2022-05-21,User
341,ACSI50c2e82ddd502,IN50c2e82ddd502,0,1,User,2021-02-22,User
342,ACSI50c2e82ddd502,IN50c2e82ddd502,0,1,User,2021-02-22,User
343,ACSI50c2e82ddd503,IN50c2e82ddd503,0,1,User,2020-08-17,User
344,ACSI50c2e82ddd503,IN50c2e82ddd503,0,1,User,2020-08-17,User
345,ACSI50c2e82ddd503,IN50c2e82ddd503,0,1,User,2020-08-17,User
346,ACSI50c2e82ddd502,IN50c2e82ddd502,0,1,User,2021-02-22,User
347,ACSI50c2e82ddd502,IN50c2e82ddd502,0,1,User,2021-02-22,User
348,ACSI50c2e82ddd502,IN50c2e82ddd502,0,1,User,2021-02-22,User
349,ACSI50c2e82ddd503,IN50c2e82ddd503,0,1,User,2020-08-17,User
350,ACSI50c2e82ddd502,IN50c2e82ddd502,0,1,User,2021-02-22,User
351,ACSI50c2e82ddd503,IN50c2e82ddd503,0,1,User,2020-08-17,User
352,ACSI50c2e82ddd501,IN50c2e82ddd501,0,1,User,2022-01-20,User
353,ACSI50c2e82ddd502,IN50c2e82ddd502,0,1,User,2021-02-22,User
354,ACSI50c2e82ddd503,IN50c2e82ddd503,0,1,User,2020-08-17,User
355,ACSI50c2e82ddd503,IN50c2e82ddd503,0,1,User,2020-08-17,User
356,ACSI50c2e82ddd502,IN50c2e82ddd502,0,1,User,2021-02-22,User
357,ACSI50c2e82ddd500,IN50c2e82ddd500,0,1,User,2022-05-21,User
358,ACSI50c2e82ddd502,IN50c2e82ddd502,0,1,User,2021-02-22,User
359,ACSI50c2e82ddd501,IN50c2e82ddd501,0,1,User,2022-01-20,User
360,ACSI50c2e82ddd503,IN50c2e82ddd503,0,1,User,2020-08-17,User
361,ACSI50c2e82ddd502,IN50c2e82ddd502,0,1,User,2021-02-22,User
362,ACSI50c2e82ddd500,IN50c2e82ddd500,0,1,User,2022-05-21,User
363,ACSI50c2e82ddd503,IN50c2e82ddd503,0,1,User,2020-08-17,User
364,ACSI50c2e82ddd503,IN50c2e82ddd503,0,1,User,2020-08-17,User
365,ACSI50c2e82ddd502,IN50c2e82ddd502,0,1,User,2021-02-22,User
366,ACSI50c2e82ddd502,IN50c2e82ddd502,0,1,User,2021-02-22,User
367,ACSI50c2e82ddd502,IN50c2e82ddd502,0,1,User,2021-02-22,User
368,ACSI50c2e82ddd501,IN50c2e82ddd501,0,1,User,2022-01-20,User
369,ACSI50c2e82ddd503,IN50c2e82ddd503,0,1,User,2020-08-17,User
370,ACSI50c2e82ddd501,IN50c2e82ddd501,0,1,User,2022-01-20,User
371,ACSI50c2e82ddd501,IN50c2e82ddd501,0,1,User,2022-01-20,User
372,ACSI50c2e82ddd500,IN50c2e82ddd500,0,1,User,2022-05-21,User
373,ACSI50c2e82ddd502,IN50c2e82ddd502,0,1,User,2021-02-22,User
374,ACSI50c2e82ddd501,IN50c2e82ddd501,0,1,User,2022-01-20,User
375,ACSI50c2e82ddd501,IN50c2e82ddd501,0,1,User,2022-01-20,User
376,ACSI50c2e82ddd500,IN50c2e82ddd500,0,1,User,2022-05-21,User
377,ACSI50c2e82ddd503,IN50c2e82ddd503,0,1,User,2020-08-17,User
378,ACSI50c2e82ddd503,IN50c2e82ddd503,0,1,User,2020-08-17,User
379,ACSI50c2e82ddd500,IN50c2e82ddd500,0,1,User,2022-05-21,User
380,ACSI50c2e82ddd500,IN50c2e82ddd500,0,1,User,2022-05-21,User
381,ACSI50c2e82ddd500,IN50c2e82ddd500,0,1,User,2022-05-21,User
382,ACSI50c2e82ddd500,IN50c2e82ddd500,0,1,User,2022-05-21,User
383,ACSI50c2e82ddd500,IN50c2e82ddd500,0,1,User,2022-05-21,User
384,ACSI50c2e82ddd501,IN50c2e82ddd501,0,1,User,2022-01-20,User
385,ACSI50c2e82ddd501,IN50c2e82ddd501,0,1,User,2022-01-20,User
386,ACSI50c2e82ddd501,IN50c2e82ddd501,0,1,User,2022-01-20,User
387,ACSI50c2e82ddd501,IN50c2e82ddd501,0,1,User,2022-01-20,User
388,ACSI50c2e82ddd503,IN50c2e82ddd503,0,1,User,2020-08-17,User
389,ACSI50c2e82ddd503,IN50c2e82ddd503,0,1,User,2020-08-17,User
390,ACSI50c2e82ddd501,IN50c2e82ddd501,0,1,User,2022-01-20,User
391,ACSI50c2e82ddd503,IN50c2e82ddd503,0,1,User,2020-08-17,User
392,ACSI50c2e82ddd503,IN50c2e82ddd503,0,1,User,2020-08-17,User
393,ACSI50c2e82ddd500,IN50c2e82ddd500,0,1,User,2022-05-21,User
394,ACSI50c2e82ddd500,IN50c2e82ddd500,0,1,User,2022-05-21,User
395,ACSI50c2e82ddd500,IN50c2e82ddd500,0,1,User,2022-05-21,User
396,ACSI50c2e82ddd500,IN50c2e82ddd500,0,1,User,2022-05-21,User
397,ACSI50c2e82ddd503,IN50c2e82ddd503,0,1,User,2020-08-17,User
398,ACSI50c2e82ddd501,IN50c2e82ddd501,0,1,User,2022-01-20,User
399,ACSI50c2e82ddd502,IN50c2e82ddd502,0,1,User,2021-02-22,User
400,ACSI50c2e82ddd501,IN50c2e82ddd501,0,1,User,2022-01-20,User
401,ACSI50c2e82ddd501,IN50c2e82ddd501,0,1,User,2022-01-20,User
402,ACSI50c2e82ddd501,IN50c2e82ddd501,0,1,User,2022-01-20,User
403,ACSI50c2e82ddd500,IN50c2e82ddd500,0,1,User,2022-05-21,User
404,ACSI50c2e82ddd503,IN50c2e82ddd503,0,1,User,2020-08-17,User
405,ACSI50c2e82ddd501,IN50c2e82ddd501,0,1,User,2022-01-20,User
406,ACSI50c2e82ddd503,IN50c2e82ddd503,0,1,User,2020-08-17,User
407,ACSI50c2e82ddd500,IN50c2e82ddd500,0,1,User,2022-05-21,User
408,ACSI50c2e82ddd501,IN50c2e82ddd501,0,1,User,2022-01-20,User
409,ACSI50c2e82ddd502,IN50c2e82ddd502,0,1,User,2021-02-22,User
410,ACSI50c2e82ddd502,IN50c2e82ddd502,0,1,User,2021-02-22,User
411,ACSI50c2e82ddd503,IN50c2e82ddd503,0,1,User,2020-08-17,User
412,ACSI50c2e82ddd501,IN50c2e82ddd501,0,1,User,2022-01-20,User
413,ACSI50c2e82ddd502,IN50c2e82ddd502,0,1,User,2021-02-22,User
414,ACSI50c2e82ddd502,IN50c2e82ddd502,0,1,User,2021-02-22,User
415,ACSI50c2e82ddd502,IN50c2e82ddd502,0,1,User,2021-02-22,User
416,ACSI50c2e82ddd501,IN50c2e82ddd501,0,1,User,2022-01-20,User
417,ACSI50c2e82ddd501,IN50c2e82ddd501,0,1,User,2022-01-20,User
418,ACSI50c2e82ddd501,IN50c2e82ddd501,0,1,User,2022-01-20,User
419,ACSI50c2e82ddd502,IN50c2e82ddd502,0,1,User,2021-02-22,User
420,ACSI50c2e82ddd500,IN50c2e82ddd500,0,1,User,2022-05-21,User
421,ACSI50c2e82ddd503,IN50c2e82ddd503,0,1,User,2020-08-17,User
422,ACSI50c2e82ddd500,IN50c2e82ddd500,0,1,User,2022-05-21,User
423,ACSI50c2e82ddd501,IN50c2e82ddd501,0,1,User,2022-01-20,User
424,ACSI50c2e82ddd500,IN50c2e82ddd500,0,1,User,2022-05-21,User
425,ACSI50c2e82ddd501,IN50c2e82ddd501,0,1,User,2022-01-20,User
426,ACSI50c2e82ddd503,IN50c2e82ddd503,0,1,User,2020-08-17,User
427,ACSI50c2e82ddd501,IN50c2e82ddd501,0,1,User,2022-01-20,User
428,ACSI50c2e82ddd503,IN50c2e82ddd503,0,1,User,2020-08-17,User
429,ACSI50c2e82ddd501,IN50c2e82ddd501,0,1,User,2022-01-20,User
430,ACSI50c2e82ddd501,IN50c2e82ddd501,0,1,User,2022-01-20,User
431,ACSI50c2e82ddd502,IN50c2e82ddd502,0,1,User,2021-02-22,User
432,ACSI50c2e82ddd500,IN50c2e82ddd500,0,1,User,2022-05-21,User
433,ACSI50c2e82ddd500,IN50c2e82ddd500,0,1,User,2022-05-21,User
434,ACSI50c2e82ddd503,IN50c2e82ddd503,0,1,User,2020-08-17,User
435,ACSI50c2e82ddd500,IN50c2e82ddd500,0,1,User,2022-05-21,User
436,ACSI50c2e82ddd503,IN50c2e82ddd503,0,1,User,2020-08-17,User
437,ACSI50c2e82ddd500,IN50c2e82ddd500,0,1,User,2022-05-21,User
438,ACSI50c2e82ddd500,IN50c2e82ddd500,0,1,User,2022-05-21,User
439,ACSI50c2e82ddd502,IN50c2e82ddd502,0,1,User,2021-02-22,User
440,ACSI50c2e82ddd503,IN50c2e82ddd503,0,1,User,2020-08-17,User
441,ACSI50c2e82ddd501,IN50c2e82ddd501,0,1,User,2022-01-20,User
442,ACSI50c2e82ddd503,IN50c2e82ddd503,0,1,User,2020-08-17,User
443,ACSI50c2e82ddd502,IN50c2e82ddd502,0,1,User,2021-02-22,User
444,ACSI50c2e82ddd500,IN50c2e82ddd500,0,1,User,2022-05-21,User
445,ACSI50c2e82ddd502,IN50c2e82ddd502,0,1,User,2021-02-22,User
446,ACSI50c2e82ddd502,IN50c2e82ddd502,0,1,User,2021-02-22,User
447,ACSI50c2e82ddd502,IN50c2e82ddd502,0,1,User,2021-02-22,User
448,ACSI50c2e82ddd502,IN50c2e82ddd502,0,1,User,2021-02-22,User
449,ACSI50c2e82ddd500,IN50c2e82ddd500,0,1,User,2022-05-21,User
450,ACSI50c2e82ddd502,IN50c2e82ddd502,0,1,User,2021-02-22,User
451,ACSI50c2e82ddd502,IN50c2e82ddd502,0,1,User,2021-02-22,User
452,ACSI50c2e82ddd502,IN50c2e82ddd502,0,1,User,2021-02-22,User
453,ACSI50c2e82ddd500,IN50c2e82ddd500,0,1,User,2022-05-21,User
454,ACSI50c2e82ddd500,IN50c2e82ddd500,0,1,User,2022-05-21,User
455,ACSI50c2e82ddd501,IN50c2e82ddd501,0,1,User,2022-01-20,User
456,ACSI50c2e82ddd503,IN50c2e82ddd503,0,1,User,2020-08-17,User
457,ACSI50c2e82ddd503,IN50c2e82ddd503,0,1,User,2020-08-17,User
458,ACSI50c2e82ddd501,IN50c2e82ddd501,0,1,User,2022-01-20,User
459,ACSI50c2e82ddd500,IN50c2e82ddd500,0,1,User,2022-05-21,User
460,ACSI50c2e82ddd503,IN50c2e82ddd503,0,1,User,2020-08-17,User
461,ACSI50c2e82ddd501,IN50c2e82ddd501,0,1,User,2022-01-20,User
462,ACSI50c2e82ddd500,IN50c2e82ddd500,0,1,User,2022-05-21,User
463,ACSI50c2e82ddd502,IN50c2e82ddd502,0,1,User,2021-02-22,User
464,ACSI50c2e82ddd503,IN50c2e82ddd503,0,1,User,2020-08-17,User
465,ACSI50c2e82ddd502,IN50c2e82ddd502,0,1,User,2021-02-22,User
466,ACSI50c2e82ddd501,IN50c2e82ddd501,0,1,User,2022-01-20,User
467,ACSI50c2e82ddd502,IN50c2e82ddd502,0,1,User,2021-02-22,User
468,ACSI50c2e82ddd503,IN50c2e82ddd503,0,1,User,2020-08-17,User
469,ACSI50c2e82ddd500,IN50c2e82ddd500,0,1,User,2022-05-21,User
470,ACSI50c2e82ddd503,IN50c2e82ddd503,0,1,User,2020-08-17,User
471,ACSI50c2e82ddd500,IN50c2e82ddd500,0,1,User,2022-05-21,User
472,ACSI50c2e82ddd503,IN50c2e82ddd503,0,1,User,2020-08-17,User
473,ACSI50c2e82ddd500,IN50c2e82ddd500,0,1,User,2022-05-21,User
474,ACSI50c2e82ddd501,IN50c2e82ddd501,0,1,User,2022-01-20,User
475,ACSI50c2e82ddd502,IN50c2e82ddd502,0,1,User,2021-02-22,User
476,ACSI50c2e82ddd500,IN50c2e82ddd500,0,1,User,2022-05-21,User
477,ACSI50c2e82ddd502,IN50c2e82ddd502,0,1,User,2021-02-22,User
478,ACSI50c2e82ddd501,IN50c2e82ddd501,0,1,User,2022-01-20,User
479,ACSI50c2e82ddd503,IN50c2e82ddd503,0,1,User,2020-08-17,User
480,ACSI50c2e82ddd501,IN50c2e82ddd501,0,1,User,2022-01-20,User
481,ACSI50c2e82ddd502,IN50c2e82ddd502,0,1,User,2021-02-22,User
482,ACSI50c2e82ddd502,IN50c2e82ddd502,0,1,User,2021-02-22,User
483,ACSI50c2e82ddd500,IN50c2e82ddd500,0,1,User,2022-05-21,User
484,ACSI50c2e82ddd500,IN50c2e82ddd500,0,1,User,2022-05-21,User
485,ACSI50c2e82ddd502,IN50c2e82ddd502,0,1,User,2021-02-22,User
486,ACSI50c2e82ddd503,IN50c2e82ddd503,0,1,User,2020-08-17,User
487,ACSI50c2e82ddd501,IN50c2e82ddd501,0,1,User,2022-01-20,User
488,ACSI50c2e82ddd501,IN50c2e82ddd501,0,1,User,2022-01-20,User
489,ACSI50c2e82ddd502,IN50c2e82ddd502,0,1,User,2021-02-22,User
490,ACSI50c2e82ddd500,IN50c2e82ddd500,0,1,User,2022-05-21,User
491,ACSI50c2e82ddd501,IN50c2e82ddd501,0,1,User,2022-01-20,User
492,ACSI50c2e82ddd501,IN50c2e82ddd501,0,1,User,2022-01-20,User
493,ACSI50c2e82ddd503,IN50c2e82ddd503,0,1,User,2020-08-17,User
494,ACSI50c2e82ddd501,IN50c2e82ddd501,0,1,User,2022-01-20,User
495,ACSI50c2e82ddd501,IN50c2e82ddd501,0,1,User,2022-01-20,User
496,ACSI50c2e82ddd500,IN50c2e82ddd500,0,1,User,2022-05-21,User
497,ACSI50c2e82ddd503,IN50c2e82ddd503,0,1,User,2020-08-17,User
498,ACSI50c2e82ddd502,IN50c2e82ddd502,0,1,User,2021-02-22,User
499,ACSI50c2e82ddd500,IN50c2e82ddd500,0,1,User,2022-05-21,User
500,ACSI50c2e82ddd503,IN50c2e82ddd503,0,1,User,2020-08-17,User
501,ACSI50c2e82ddd501,IN50c2e82ddd501,0,1,User,2022-01-20,User
502,ACSI50c2e82ddd502,IN50c2e82ddd502,0,1,User,2021-02-22,User
503,ACSI50c2e82ddd500,IN50c2e82ddd500,0,1,User,2022-05-21,User
504,ACSI50c2e82ddd501,IN50c2e82ddd501,0,1,User,2022-01-20,User
505,ACSI50c2e82ddd501,IN50c2e82ddd501,0,1,User,2022-01-20,User
506,ACSI50c2e82ddd502,IN50c2e82ddd502,0,1,User,2021-02-22,User
507,ACSI50c2e82ddd501,IN50c2e82ddd501,0,1,User,2022-01-20,User
508,ACSI50c2e82ddd501,IN50c2e82ddd501,0,1,User,2022-01-20,User
509,ACSI50c2e82ddd502,IN50c2e82ddd502,0,1,User,2021-02-22,User
510,ACSI50c2e82ddd501,IN50c2e82ddd501,0,1,User,2022-01-20,User
511,ACSI50c2e82ddd500,IN50c2e82ddd500,0,1,User,2022-05-21,User
512,ACSI50c2e82ddd503,IN50c2e82ddd503,0,1,User,2020-08-17,User
513,ACSI50c2e82ddd501,IN50c2e82ddd501,0,1,User,2022-01-20,User
514,ACSI50c2e82ddd503,IN50c2e82ddd503,0,1,User,2020-08-17,User
515,ACSI50c2e82ddd503,IN50c2e82ddd503,0,1,User,2020-08-17,User
516,ACSI50c2e82ddd503,IN50c2e82ddd503,0,1,User,2020-08-17,User
517,ACSI50c2e82ddd500,IN50c2e82ddd500,0,1,User,2022-05-21,User
518,ACSI50c2e82ddd502,IN50c2e82ddd502,0,1,User,2021-02-22,User
519,ACSI50c2e82ddd503,IN50c2e82ddd503,0,1,User,2020-08-17,User
520,ACSI50c2e82ddd501,IN50c2e82ddd501,0,1,User,2022-01-20,User
521,ACSI50c2e82ddd501,IN50c2e82ddd501,0,1,User,2022-01-20,User
522,ACSI50c2e82ddd501,IN50c2e82ddd501,0,1,User,2022-01-20,User
523,ACSI50c2e82ddd501,IN50c2e82ddd501,0,1,User,2022-01-20,User
524,ACSI50c2e82ddd502,IN50c2e82ddd502,0,1,User,2021-02-22,User
525,ACSI50c2e82ddd501,IN50c2e82ddd501,0,1,User,2022-01-20,User
526,ACSI50c2e82ddd500,IN50c2e82ddd500,0,1,User,2022-05-21,User
527,ACSI50c2e82ddd502,IN50c2e82ddd502,0,1,User,2021-02-22,User
528,ACSI50c2e82ddd501,IN50c2e82ddd501,0,1,User,2022-01-20,User
529,ACSI50c2e82ddd502,IN50c2e82ddd502,0,1,User,2021-02-22,User
530,ACSI50c2e82ddd502,IN50c2e82ddd502,0,1,User,2021-02-22,User
531,ACSI50c2e82ddd501,IN50c2e82ddd501,0,1,User,2022-01-20,User
532,ACSI50c2e82ddd503,IN50c2e82ddd503,0,1,User,2020-08-17,User
533,ACSI50c2e82ddd500,IN50c2e82ddd500,0,1,User,2022-05-21,User
534,ACSI50c2e82ddd503,IN50c2e82ddd503,0,1,User,2020-08-17,User
535,ACSI50c2e82ddd501,IN50c2e82ddd501,0,1,User,2022-01-20,User
536,ACSI50c2e82ddd501,IN50c2e82ddd501,0,1,User,2022-01-20,User
537,ACSI50c2e82ddd503,IN50c2e82ddd503,0,1,User,2020-08-17,User
538,ACSI50c2e82ddd503,IN50c2e82ddd503,0,1,User,2020-08-17,User
539,ACSI50c2e82ddd500,IN50c2e82ddd500,0,1,User,2022-05-21,User
540,ACSI50c2e82ddd500,IN50c2e82ddd500,0,1,User,2022-05-21,User
541,ACSI50c2e82ddd503,IN50c2e82ddd503,0,1,User,2020-08-17,User
542,ACSI50c2e82ddd500,IN50c2e82ddd500,0,1,User,2022-05-21,User
543,ACSI50c2e82ddd503,IN50c2e82ddd503,0,1,User,2020-08-17,User
544,ACSI50c2e82ddd503,IN50c2e82ddd503,0,1,User,2020-08-17,User
545,ACSI50c2e82ddd502,IN50c2e82ddd502,0,1,User,2021-02-22,User
546,ACSI50c2e82ddd500,IN50c2e82ddd500,0,1,User,2022-05-21,User
547,ACSI50c2e82ddd501,IN50c2e82ddd501,0,1,User,2022-01-20,User
548,ACSI50c2e82ddd501,IN50c2e82ddd501,0,1,User,2022-01-20,User
549,ACSI50c2e82ddd501,IN50c2e82ddd501,0,1,User,2022-01-20,User
550,ACSI50c2e82ddd501,IN50c2e82ddd501,0,1,User,2022-01-20,User
551,ACSI50c2e82ddd502,IN50c2e82ddd502,0,1,User,2021-02-22,User
552,ACSI50c2e82ddd502,IN50c2e82ddd502,0,1,User,2021-02-22,User
553,ACSI50c2e82ddd503,IN50c2e82ddd503,0,1,User,2020-08-17,User
554,ACSI50c2e82ddd500,IN50c2e82ddd500,0,1,User,2022-05-21,User
555,ACSI50c2e82ddd501,IN50c2e82ddd501,0,1,User,2022-01-20,User
556,ACSI50c2e82ddd501,IN50c2e82ddd501,0,1,User,2022-01-20,User
557,ACSI50c2e82ddd500,IN50c2e82ddd500,0,1,User,2022-05-21,User
558,ACSI50c2e82ddd502,IN50c2e82ddd502,0,1,User,2021-02-22,User
559,ACSI50c2e82ddd501,IN50c2e82ddd501,0,1,User,2022-01-20,User
560,ACSI50c2e82ddd502,IN50c2e82ddd502,0,1,User,2021-02-22,User
561,ACSI50c2e82ddd502,IN50c2e82ddd502,0,1,User,2021-02-22,User
562,ACSI50c2e82ddd501,IN50c2e82ddd501,0,1,User,2022-01-20,User
563,ACSI50c2e82ddd500,IN50c2e82ddd500,0,1,User,2022-05-21,User
564,ACSI50c2e82ddd500,IN50c2e82ddd500,0,1,User,2022-05-21,User
565,ACSI50c2e82ddd503,IN50c2e82ddd503,0,1,User,2020-08-17,User
566,ACSI50c2e82ddd502,IN50c2e82ddd502,0,1,User,2021-02-22,User
567,ACSI50c2e82ddd503,IN50c2e82ddd503,0,1,User,2020-08-17,User
568,ACSI50c2e82ddd501,IN50c2e82ddd501,0,1,User,2022-01-20,User
569,ACSI50c2e82ddd500,IN50c2e82ddd500,0,1,User,2022-05-21,User
570,ACSI50c2e82ddd502,IN50c2e82ddd502,0,1,User,2021-02-22,User
571,ACSI50c2e82ddd500,IN50c2e82ddd500,0,1,User,2022-05-21,User
572,ACSI50c2e82ddd500,IN50c2e82ddd500,0,1,User,2022-05-21,User
573,ACSI50c2e82ddd500,IN50c2e82ddd500,0,1,User,2022-05-21,User
574,ACSI50c2e82ddd502,IN50c2e82ddd502,0,1,User,2021-02-22,User
575,ACSI50c2e82ddd502,IN50c2e82ddd502,0,1,User,2021-02-22,User
576,ACSI50c2e82ddd500,IN50c2e82ddd500,0,1,User,2022-05-21,User
577,ACSI50c2e82ddd500,IN50c2e82ddd500,0,1,User,2022-05-21,User
578,ACSI50c2e82ddd501,IN50c2e82ddd501,0,1,User,2022-01-20,User
579,ACSI50c2e82ddd500,IN50c2e82ddd500,0,1,User,2022-05-21,User
580,ACSI50c2e82ddd500,IN50c2e82ddd500,0,1,User,2022-05-21,User
581,ACSI50c2e82ddd503,IN50c2e82ddd503,0,1,User,2020-08-17,User
582,ACSI50c2e82ddd503,IN50c2e82ddd503,0,1,User,2020-08-17,User
583,ACSI50c2e82ddd503,IN50c2e82ddd503,0,1,User,2020-08-17,User
584,ACSI50c2e82ddd500,IN50c2e82ddd500,0,1,User,2022-05-21,User
585,ACSI50c2e82ddd503,IN50c2e82ddd503,0,1,User,2020-08-17,User
586,ACSI50c2e82ddd503,IN50c2e82ddd503,0,1,User,2020-08-17,User
587,ACSI50c2e82ddd500,IN50c2e82ddd500,0,1,User,2022-05-21,User
588,ACSI50c2e82ddd503,IN50c2e82ddd503,0,1,User,2020-08-17,User
589,ACSI50c2e82ddd503,IN50c2e82ddd503,0,1,User,2020-08-17,User
590,ACSI50c2e82ddd502,IN50c2e82ddd502,0,1,User,2021-02-22,User
591,ACSI50c2e82ddd501,IN50c2e82ddd501,0,1,User,2022-01-20,User
592,ACSI50c2e82ddd501,IN50c2e82ddd501,0,1,User,2022-01-20,User
593,ACSI50c2e82ddd503,IN50c2e82ddd503,0,1,User,2020-08-17,User
594,ACSI50c2e82ddd500,IN50c2e82ddd500,0,1,User,2022-05-21,User
595,ACSI50c2e82ddd501,IN50c2e82ddd501,0,1,User,2022-01-20,User
596,ACSI50c2e82ddd502,IN50c2e82ddd502,0,1,User,2021-02-22,User
597,ACSI50c2e82ddd503,IN50c2e82ddd503,0,1,User,2020-08-17,User
598,ACSI50c2e82ddd501,IN50c2e82ddd501,0,1,User,2022-01-20,User
599,ACSI50c2e82ddd500,IN50c2e82ddd500,0,1,User,2022-05-21,User
600,ACSI50c2e82ddd501,IN50c2e82ddd501,0,1,User,2022-01-20,User
601,ACSI50c2e82ddd503,IN50c2e82ddd503,0,1,User,2020-08-17,User
602,ACSI50c2e82ddd502,IN50c2e82ddd502,0,1,User,2021-02-22,User
603,ACSI50c2e82ddd500,IN50c2e82ddd500,0,1,User,2022-05-21,User
604,ACSI50c2e82ddd501,IN50c2e82ddd501,0,1,User,2022-01-20,User
605,ACSI50c2e82ddd500,IN50c2e82ddd500,0,1,User,2022-05-21,User
606,ACSI50c2e82ddd501,IN50c2e82ddd501,0,1,User,2022-01-20,User
607,ACSI50c2e82ddd500,IN50c2e82ddd500,0,1,User,2022-05-21,User
608,ACSI50c2e82ddd502,IN50c2e82ddd502,0,1,User,2021-02-22,User
609,ACSI50c2e82ddd502,IN50c2e82ddd502,0,1,User,2021-02-22,User
610,ACSI50c2e82ddd503,IN50c2e82ddd503,0,1,User,2020-08-17,User
611,ACSI50c2e82ddd500,IN50c2e82ddd500,0,1,User,2022-05-21,User
612,ACSI50c2e82ddd501,IN50c2e82ddd501,0,1,User,2022-01-20,User
613,ACSI50c2e82ddd500,IN50c2e82ddd500,0,1,User,2022-05-21,User
614,ACSI50c2e82ddd500,IN50c2e82ddd500,0,1,User,2022-05-21,User
615,ACSI50c2e82ddd502,IN50c2e82ddd502,0,1,User,2021-02-22,User
616,ACSI50c2e82ddd502,IN50c2e82ddd502,0,1,User,2021-02-22,User
617,ACSI50c2e82ddd501,IN50c2e82ddd501,0,1,User,2022-01-20,User
618,ACSI50c2e82ddd502,IN50c2e82ddd502,0,1,User,2021-02-22,User
619,ACSI50c2e82ddd503,IN50c2e82ddd503,0,1,User,2020-08-17,User
620,ACSI50c2e82ddd500,IN50c2e82ddd500,0,1,User,2022-05-21,User
621,ACSI50c2e82ddd501,IN50c2e82ddd501,0,1,User,2022-01-20,User
622,ACSI50c2e82ddd502,IN50c2e82ddd502,0,1,User,2021-02-22,User
623,ACSI50c2e82ddd501,IN50c2e82ddd501,0,1,User,2022-01-20,User
624,ACSI50c2e82ddd501,IN50c2e82ddd501,0,1,User,2022-01-20,User
625,ACSI50c2e82ddd500,IN50c2e82ddd500,0,1,User,2022-05-21,User
626,ACSI50c2e82ddd503,IN50c2e82ddd503,0,1,User,2020-08-17,User
627,ACSI50c2e82ddd503,IN50c2e82ddd503,0,1,User,2020-08-17,User
628,ACSI50c2e82ddd501,IN50c2e82ddd501,0,1,User,2022-01-20,User
629,ACSI50c2e82ddd502,IN50c2e82ddd502,0,1,User,2021-02-22,User
630,ACSI50c2e82ddd501,IN50c2e82ddd501,0,1,User,2022-01-20,User
631,ACSI50c2e82ddd502,IN50c2e82ddd502,0,1,User,2021-02-22,User
632,ACSI50c2e82ddd501,IN50c2e82ddd501,0,1,User,2022-01-20,User
633,ACSI50c2e82ddd500,IN50c2e82ddd500,0,1,User,2022-05-21,User
634,ACSI50c2e82ddd503,IN50c2e82ddd503,0,1,User,2020-08-17,User
635,ACSI50c2e82ddd500,IN50c2e82ddd500,0,1,User,2022-05-21,User
636,ACSI50c2e82ddd500,IN50c2e82ddd500,0,1,User,2022-05-21,User
637,ACSI50c2e82ddd502,IN50c2e82ddd502,0,1,User,2021-02-22,User
638,ACSI50c2e82ddd502,IN50c2e82ddd502,0,1,User,2021-02-22,User
639,ACSI50c2e82ddd501,IN50c2e82ddd501,0,1,User,2022-01-20,User
640,ACSI50c2e82ddd500,IN50c2e82ddd500,0,1,User,2022-05-21,User
641,ACSI50c2e82ddd503,IN50c2e82ddd503,0,1,User,2020-08-17,User
642,ACSI50c2e82ddd502,IN50c2e82ddd502,0,1,User,2021-02-22,User
643,ACSI50c2e82ddd502,IN50c2e82ddd502,0,1,User,2021-02-22,User
644,ACSI50c2e82ddd503,IN50c2e82ddd503,0,1,User,2020-08-17,User
645,ACSI50c2e82ddd503,IN50c2e82ddd503,0,1,User,2020-08-17,User
646,ACSI50c2e82ddd501,IN50c2e82ddd501,0,1,User,2022-01-20,User
647,ACSI50c2e82ddd500,IN50c2e82ddd500,0,1,User,2022-05-21,User
648,ACSI50c2e82ddd500,IN50c2e82ddd500,0,1,User,2022-05-21,User
649,ACSI50c2e82ddd500,IN50c2e82ddd500,0,1,User,2022-05-21,User
650,ACSI50c2e82ddd500,IN50c2e82ddd500,0,1,User,2022-05-21,User
651,ACSI50c2e82ddd500,IN50c2e82ddd500,0,1,User,2022-05-21,User
652,ACSI50c2e82ddd502,IN50c2e82ddd502,0,1,User,2021-02-22,User
653,ACSI50c2e82ddd503,IN50c2e82ddd503,0,1,User,2020-08-17,User
654,ACSI50c2e82ddd500,IN50c2e82ddd500,0,1,User,2022-05-21,User
655,ACSI50c2e82ddd500,IN50c2e82ddd500,0,1,User,2022-05-21,User
656,ACSI50c2e82ddd501,IN50c2e82ddd501,0,1,User,2022-01-20,User
657,ACSI50c2e82ddd500,IN50c2e82ddd500,0,1,User,2022-05-21,User
658,ACSI50c2e82ddd500,IN50c2e82ddd500,0,1,User,2022-05-21,User
659,ACSI50c2e82ddd501,IN50c2e82ddd501,0,1,User,2022-01-20,User
660,ACSI50c2e82ddd501,IN50c2e82ddd501,0,1,User,2022-01-20,User
661,ACSI50c2e82ddd500,IN50c2e82ddd500,0,1,User,2022-05-21,User
662,ACSI50c2e82ddd503,IN50c2e82ddd503,0,1,User,2020-08-17,User
663,ACSI50c2e82ddd503,IN50c2e82ddd503,0,1,User,2020-08-17,User
664,ACSI50c2e82ddd502,IN50c2e82ddd502,0,1,User,2021-02-22,User
665,ACSI50c2e82ddd500,IN50c2e82ddd500,0,1,User,2022-05-21,User
666,ACSI50c2e82ddd502,IN50c2e82ddd502,0,1,User,2021-02-22,User
667,ACSI50c2e82ddd501,IN50c2e82ddd501,0,1,User,2022-01-20,User
668,ACSI50c2e82ddd500,IN50c2e82ddd500,0,1,User,2022-05-21,User
669,ACSI50c2e82ddd500,IN50c2e82ddd500,0,1,User,2022-05-21,User
670,ACSI50c2e82ddd501,IN50c2e82ddd501,0,1,User,2022-01-20,User
671,ACSI50c2e82ddd502,IN50c2e82ddd502,0,1,User,2021-02-22,User
672,ACSI50c2e82ddd501,IN50c2e82ddd501,0,1,User,2022-01-20,User
673,ACSI50c2e82ddd502,IN50c2e82ddd502,0,1,User,2021-02-22,User
674,ACSI50c2e82ddd500,IN50c2e82ddd500,0,1,User,2022-05-21,User
675,ACSI50c2e82ddd503,IN50c2e82ddd503,0,1,User,2020-08-17,User
676,ACSI50c2e82ddd502,IN50c2e82ddd502,0,1,User,2021-02-22,User
677,ACSI50c2e82ddd503,IN50c2e82ddd503,0,1,User,2020-08-17,User
678,ACSI50c2e82ddd503,IN50c2e82ddd503,0,1,User,2020-08-17,User
679,ACSI50c2e82ddd502,IN50c2e82ddd502,0,1,User,2021-02-22,User
680,ACSI50c2e82ddd503,IN50c2e82ddd503,0,1,User,2020-08-17,User
681,ACSI50c2e82ddd500,IN50c2e82ddd500,0,1,User,2022-05-21,User
682,ACSI50c2e82ddd503,IN50c2e82ddd503,0,1,User,2020-08-17,User
683,ACSI50c2e82ddd500,IN50c2e82ddd500,0,1,User,2022-05-21,User
684,ACSI50c2e82ddd500,IN50c2e82ddd500,0,1,User,2022-05-21,User
685,ACSI50c2e82ddd503,IN50c2e82ddd503,0,1,User,2020-08-17,User
686,ACSI50c2e82ddd501,IN50c2e82ddd501,0,1,User,2022-01-20,User
687,ACSI50c2e82ddd502,IN50c2e82ddd502,0,1,User,2021-02-22,User
688,ACSI50c2e82ddd500,IN50c2e82ddd500,0,1,User,2022-05-21,User
689,ACSI50c2e82ddd502,IN50c2e82ddd502,0,1,User,2021-02-22,User
690,ACSI50c2e82ddd500,IN50c2e82ddd500,0,1,User,2022-05-21,User
691,ACSI50c2e82ddd501,IN50c2e82ddd501,0,1,User,2022-01-20,User
692,ACSI50c2e82ddd501,IN50c2e82ddd501,0,1,User,2022-01-20,User
693,ACSI50c2e82ddd502,IN50c2e82ddd502,0,1,User,2021-02-22,User
694,ACSI50c2e82ddd500,IN50c2e82ddd500,0,1,User,2022-05-21,User
695,ACSI50c2e82ddd502,IN50c2e82ddd502,0,1,User,2021-02-22,User
696,ACSI50c2e82ddd503,IN50c2e82ddd503,0,1,User,2020-08-17,User
697,ACSI50c2e82ddd503,IN50c2e82ddd503,0,1,User,2020-08-17,User
698,ACSI50c2e82ddd502,IN50c2e82ddd502,0,1,User,2021-02-22,User
699,ACSI50c2e82ddd501,IN50c2e82ddd501,0,1,User,2022-01-20,User
700,ACSI50c2e82ddd502,IN50c2e82ddd502,0,1,User,2021-02-22,User
701,ACSI50c2e82ddd503,IN50c2e82ddd503,0,1,User,2020-08-17,User
702,ACSI50c2e82ddd500,IN50c2e82ddd500,0,1,User,2022-05-21,User
703,ACSI50c2e82ddd500,IN50c2e82ddd500,0,1,User,2022-05-21,User
704,ACSI50c2e82ddd501,IN50c2e82ddd501,0,1,User,2022-01-20,User
705,ACSI50c2e82ddd502,IN50c2e82ddd502,0,1,User,2021-02-22,User
706,ACSI50c2e82ddd503,IN50c2e82ddd503,0,1,User,2020-08-17,User
707,ACSI50c2e82ddd503,IN50c2e82ddd503,0,1,User,2020-08-17,User
708,ACSI50c2e82ddd501,IN50c2e82ddd501,0,1,User,2022-01-20,User
709,ACSI50c2e82ddd501,IN50c2e82ddd501,0,1,User,2022-01-20,User
710,ACSI50c2e82ddd502,IN50c2e82ddd502,0,1,User,2021-02-22,User
711,ACSI50c2e82ddd500,IN50c2e82ddd500,0,1,User,2022-05-21,User
712,ACSI50c2e82ddd501,IN50c2e82ddd501,0,1,User,2022-01-20,User
713,ACSI50c2e82ddd502,IN50c2e82ddd502,0,1,User,2021-02-22,User
714,ACSI50c2e82ddd500,IN50c2e82ddd500,0,1,User,2022-05-21,User
715,ACSI50c2e82ddd500,IN50c2e82ddd500,0,1,User,2022-05-21,User
716,ACSI50c2e82ddd500,IN50c2e82ddd500,0,1,User,2022-05-21,User
717,ACSI50c2e82ddd503,IN50c2e82ddd503,0,1,User,2020-08-17,User
718,ACSI50c2e82ddd503,IN50c2e82ddd503,0,1,User,2020-08-17,User
719,ACSI50c2e82ddd502,IN50c2e82ddd502,0,1,User,2021-02-22,User
720,ACSI50c2e82ddd500,IN50c2e82ddd500,0,1,User,2022-05-21,User
721,ACSI50c2e82ddd501,IN50c2e82ddd501,0,1,User,2022-01-20,User
722,ACSI50c2e82ddd500,IN50c2e82ddd500,0,1,User,2022-05-21,User
723,ACSI50c2e82ddd500,IN50c2e82ddd500,0,1,User,2022-05-21,User
724,ACSI50c2e82ddd503,IN50c2e82ddd503,0,1,User,2020-08-17,User
725,ACSI50c2e82ddd503,IN50c2e82ddd503,0,1,User,2020-08-17,User
726,ACSI50c2e82ddd501,IN50c2e82ddd501,0,1,User,2022-01-20,User
727,ACSI50c2e82ddd503,IN50c2e82ddd503,0,1,User,2020-08-17,User
728,ACSI50c2e82ddd503,IN50c2e82ddd503,0,1,User,2020-08-17,User
729,ACSI50c2e82ddd501,IN50c2e82ddd501,0,1,User,2022-01-20,User
730,ACSI50c2e82ddd502,IN50c2e82ddd502,0,1,User,2021-02-22,User
731,ACSI50c2e82ddd503,IN50c2e82ddd503,0,1,User,2020-08-17,User
732,ACSI50c2e82ddd502,IN50c2e82ddd502,0,1,User,2021-02-22,User
733,ACSI50c2e82ddd503,IN50c2e82ddd503,0,1,User,2020-08-17,User
734,ACSI50c2e82ddd501,IN50c2e82ddd501,0,1,User,2022-01-20,User
735,ACSI50c2e82ddd500,IN50c2e82ddd500,0,1,User,2022-05-21,User
736,ACSI50c2e82ddd500,IN50c2e82ddd500,0,1,User,2022-05-21,User
737,ACSI50c2e82ddd500,IN50c2e82ddd500,0,1,User,2022-05-21,User
738,ACSI50c2e82ddd500,IN50c2e82ddd500,0,1,User,2022-05-21,User
739,ACSI50c2e82ddd503,IN50c2e82ddd503,0,1,User,2020-08-17,User
740,ACSI50c2e82ddd501,IN50c2e82ddd501,0,1,User,2022-01-20,User
741,ACSI50c2e82ddd503,IN50c2e82ddd503,0,1,User,2020-08-17,User
742,ACSI50c2e82ddd501,IN50c2e82ddd501,0,1,User,2022-01-20,User
743,ACSI50c2e82ddd502,IN50c2e82ddd502,0,1,User,2021-02-22,User
744,ACSI50c2e82ddd501,IN50c2e82ddd501,0,1,User,2022-01-20,User
745,ACSI50c2e82ddd503,IN50c2e82ddd503,0,1,User,2020-08-17,User
746,ACSI50c2e82ddd500,IN50c2e82ddd500,0,1,User,2022-05-21,User
747,ACSI50c2e82ddd503,IN50c2e82ddd503,0,1,User,2020-08-17,User
748,ACSI50c2e82ddd500,IN50c2e82ddd500,0,1,User,2022-05-21,User
749,ACSI50c2e82ddd503,IN50c2e82ddd503,0,1,User,2020-08-17,User
750,ACSI50c2e82ddd500,IN50c2e82ddd500,0,1,User,2022-05-21,User
751,ACSI50c2e82ddd500,IN50c2e82ddd500,0,1,User,2022-05-21,User
752,ACSI50c2e82ddd503,IN50c2e82ddd503,0,1,User,2020-08-17,User
753,ACSI50c2e82ddd502,IN50c2e82ddd502,0,1,User,2021-02-22,User
754,ACSI50c2e82ddd503,IN50c2e82ddd503,0,1,User,2020-08-17,User
755,ACSI50c2e82ddd503,IN50c2e82ddd503,0,1,User,2020-08-17,User
756,ACSI50c2e82ddd501,IN50c2e82ddd501,0,1,User,2022-01-20,User
757,ACSI50c2e82ddd502,IN50c2e82ddd502,0,1,User,2021-02-22,User
758,ACSI50c2e82ddd500,IN50c2e82ddd500,0,1,User,2022-05-21,User
759,ACSI50c2e82ddd503,IN50c2e82ddd503,0,1,User,2020-08-17,User
760,ACSI50c2e82ddd502,IN50c2e82ddd502,0,1,User,2021-02-22,User
761,ACSI50c2e82ddd503,IN50c2e82ddd503,0,1,User,2020-08-17,User
762,ACSI50c2e82ddd503,IN50c2e82ddd503,0,1,User,2020-08-17,User
763,ACSI50c2e82ddd502,IN50c2e82ddd502,0,1,User,2021-02-22,User
764,ACSI50c2e82ddd502,IN50c2e82ddd502,0,1,User,2021-02-22,User
765,ACSI50c2e82ddd501,IN50c2e82ddd501,0,1,User,2022-01-20,User
766,ACSI50c2e82ddd500,IN50c2e82ddd500,0,1,User,2022-05-21,User
767,ACSI50c2e82ddd503,IN50c2e82ddd503,0,1,User,2020-08-17,User
768,ACSI50c2e82ddd503,IN50c2e82ddd503,0,1,User,2020-08-17,User
769,ACSI50c2e82ddd500,IN50c2e82ddd500,0,1,User,2022-05-21,User
770,ACSI50c2e82ddd500,IN50c2e82ddd500,0,1,User,2022-05-21,User
771,ACSI50c2e82ddd503,IN50c2e82ddd503,0,1,User,2020-08-17,User
772,ACSI50c2e82ddd501,IN50c2e82ddd501,0,1,User,2022-01-20,User
773,ACSI50c2e82ddd501,IN50c2e82ddd501,0,1,User,2022-01-20,User
774,ACSI50c2e82ddd500,IN50c2e82ddd500,0,1,User,2022-05-21,User
775,ACSI50c2e82ddd501,IN50c2e82ddd501,0,1,User,2022-01-20,User
776,ACSI50c2e82ddd502,IN50c2e82ddd502,0,1,User,2021-02-22,User
777,ACSI50c2e82ddd503,IN50c2e82ddd503,0,1,User,2020-08-17,User
778,ACSI50c2e82ddd503,IN50c2e82ddd503,0,1,User,2020-08-17,User
779,ACSI50c2e82ddd502,IN50c2e82ddd502,0,1,User,2021-02-22,User
780,ACSI50c2e82ddd500,IN50c2e82ddd500,0,1,User,2022-05-21,User
781,ACSI50c2e82ddd502,IN50c2e82ddd502,0,1,User,2021-02-22,User
782,ACSI50c2e82ddd500,IN50c2e82ddd500,0,1,User,2022-05-21,User
783,ACSI50c2e82ddd500,IN50c2e82ddd500,0,1,User,2022-05-21,User
784,ACSI50c2e82ddd503,IN50c2e82ddd503,0,1,User,2020-08-17,User
785,ACSI50c2e82ddd501,IN50c2e82ddd501,0,1,User,2022-01-20,User
786,ACSI50c2e82ddd502,IN50c2e82ddd502,0,1,User,2021-02-22,User
787,ACSI50c2e82ddd503,IN50c2e82ddd503,0,1,User,2020-08-17,User
788,ACSI50c2e82ddd500,IN50c2e82ddd500,0,1,User,2022-05-21,User
789,ACSI50c2e82ddd502,IN50c2e82ddd502,0,1,User,2021-02-22,User
790,ACSI50c2e82ddd500,IN50c2e82ddd500,0,1,User,2022-05-21,User
791,ACSI50c2e82ddd501,IN50c2e82ddd501,0,1,User,2022-01-20,User
792,ACSI50c2e82ddd501,IN50c2e82ddd501,0,1,User,2022-01-20,User
793,ACSI50c2e82ddd502,IN50c2e82ddd502,0,1,User,2021-02-22,User
794,ACSI50c2e82ddd503,IN50c2e82ddd503,0,1,User,2020-08-17,User
795,ACSI50c2e82ddd503,IN50c2e82ddd503,0,1,User,2020-08-17,User
796,ACSI50c2e82ddd503,IN50c2e82ddd503,0,1,User,2020-08-17,User
797,ACSI50c2e82ddd502,IN50c2e82ddd502,0,1,User,2021-02-22,User
798,ACSI50c2e82ddd500,IN50c2e82ddd500,0,1,User,2022-05-21,User
799,ACSI50c2e82ddd500,IN50c2e82ddd500,0,1,User,2022-05-21,User
800,ACSI50c2e82ddd502,IN50c2e82ddd502,0,1,User,2021-02-22,User
801,ACSI50c2e82ddd503,IN50c2e82ddd503,0,1,User,2020-08-17,User
802,ACSI50c2e82ddd502,IN50c2e82ddd502,0,1,User,2021-02-22,User
803,ACSI50c2e82ddd503,IN50c2e82ddd503,0,1,User,2020-08-17,User
804,ACSI50c2e82ddd501,IN50c2e82ddd501,0,1,User,2022-01-20,User
805,ACSI50c2e82ddd503,IN50c2e82ddd503,0,1,User,2020-08-17,User
806,ACSI50c2e82ddd503,IN50c2e82ddd503,0,1,User,2020-08-17,User
807,ACSI50c2e82ddd500,IN50c2e82ddd500,0,1,User,2022-05-21,User
808,ACSI50c2e82ddd502,IN50c2e82ddd502,0,1,User,2021-02-22,User
809,ACSI50c2e82ddd501,IN50c2e82ddd501,0,1,User,2022-01-20,User
810,ACSI50c2e82ddd501,IN50c2e82ddd501,0,1,User,2022-01-20,User
811,ACSI50c2e82ddd503,IN50c2e82ddd503,0,1,User,2020-08-17,User
812,ACSI50c2e82ddd502,IN50c2e82ddd502,0,1,User,2021-02-22,User
813,ACSI50c2e82ddd501,IN50c2e82ddd501,0,1,User,2022-01-20,User
814,ACSI50c2e82ddd500,IN50c2e82ddd500,0,1,User,2022-05-21,User
815,ACSI50c2e82ddd503,IN50c2e82ddd503,0,1,User,2020-08-17,User
816,ACSI50c2e82ddd501,IN50c2e82ddd501,0,1,User,2022-01-20,User
817,ACSI50c2e82ddd503,IN50c2e82ddd503,0,1,User,2020-08-17,User
818,ACSI50c2e82ddd500,IN50c2e82ddd500,0,1,User,2022-05-21,User
819,ACSI50c2e82ddd500,IN50c2e82ddd500,0,1,User,2022-05-21,User
820,ACSI50c2e82ddd501,IN50c2e82ddd501,0,1,User,2022-01-20,User
821,ACSI50c2e82ddd503,IN50c2e82ddd503,0,1,User,2020-08-17,User
822,ACSI50c2e82ddd501,IN50c2e82ddd501,0,1,User,2022-01-20,User
823,ACSI50c2e82ddd503,IN50c2e82ddd503,0,1,User,2020-08-17,User
824,ACSI50c2e82ddd503,IN50c2e82ddd503,0,1,User,2020-08-17,User
825,ACSI50c2e82ddd503,IN50c2e82ddd503,0,1,User,2020-08-17,User
826,ACSI50c2e82ddd500,IN50c2e82ddd500,0,1,User,2022-05-21,User
827,ACSI50c2e82ddd502,IN50c2e82ddd502,0,1,User,2021-02-22,User
828,ACSI50c2e82ddd501,IN50c2e82ddd501,0,1,User,2022-01-20,User
829,ACSI50c2e82ddd501,IN50c2e82ddd501,0,1,User,2022-01-20,User
830,ACSI50c2e82ddd502,IN50c2e82ddd502,0,1,User,2021-02-22,User
831,ACSI50c2e82ddd500,IN50c2e82ddd500,0,1,User,2022-05-21,User
832,ACSI50c2e82ddd502,IN50c2e82ddd502,0,1,User,2021-02-22,User
833,ACSI50c2e82ddd503,IN50c2e82ddd503,0,1,User,2020-08-17,User
834,ACSI50c2e82ddd501,IN50c2e82ddd501,0,1,User,2022-01-20,User
835,ACSI50c2e82ddd502,IN50c2e82ddd502,0,1,User,2021-02-22,User
836,ACSI50c2e82ddd501,IN50c2e82ddd501,0,1,User,2022-01-20,User
837,ACSI50c2e82ddd503,IN50c2e82ddd503,0,1,User,2020-08-17,User
838,ACSI50c2e82ddd503,IN50c2e82ddd503,0,1,User,2020-08-17,User
839,ACSI50c2e82ddd502,IN50c2e82ddd502,0,1,User,2021-02-22,User
840,ACSI50c2e82ddd503,IN50c2e82ddd503,0,1,User,2020-08-17,User
841,ACSI50c2e82ddd500,IN50c2e82ddd500,0,1,User,2022-05-21,User
842,ACSI50c2e82ddd503,IN50c2e82ddd503,0,1,User,2020-08-17,User
843,ACSI50c2e82ddd500,IN50c2e82ddd500,0,1,User,2022-05-21,User
844,ACSI50c2e82ddd501,IN50c2e82ddd501,0,1,User,2022-01-20,User
845,ACSI50c2e82ddd500,IN50c2e82ddd500,0,1,User,2022-05-21,User
846,ACSI50c2e82ddd503,IN50c2e82ddd503,0,1,User,2020-08-17,User
847,ACSI50c2e82ddd503,IN50c2e82ddd503,0,1,User,2020-08-17,User
848,ACSI50c2e82ddd501,IN50c2e82ddd501,0,1,User,2022-01-20,User
849,ACSI50c2e82ddd501,IN50c2e82ddd501,0,1,User,2022-01-20,User
850,ACSI50c2e82ddd500,IN50c2e82ddd500,0,1,User,2022-05-21,User
851,ACSI50c2e82ddd501,IN50c2e82ddd501,0,1,User,2022-01-20,User
852,ACSI50c2e82ddd501,IN50c2e82ddd501,0,1,User,2022-01-20,User
853,ACSI50c2e82ddd503,IN50c2e82ddd503,0,1,User,2020-08-17,User
854,ACSI50c2e82ddd500,IN50c2e82ddd500,0,1,User,2022-05-21,User
855,ACSI50c2e82ddd503,IN50c2e82ddd503,0,1,User,2020-08-17,User
856,ACSI50c2e82ddd502,IN50c2e82ddd502,0,1,User,2021-02-22,User
857,ACSI50c2e82ddd500,IN50c2e82ddd500,0,1,User,2022-05-21,User
858,ACSI50c2e82ddd503,IN50c2e82ddd503,0,1,User,2020-08-17,User
859,ACSI50c2e82ddd501,IN50c2e82ddd501,0,1,User,2022-01-20,User
860,ACSI50c2e82ddd502,IN50c2e82ddd502,0,1,User,2021-02-22,User
861,ACSI50c2e82ddd501,IN50c2e82ddd501,0,1,User,2022-01-20,User
862,ACSI50c2e82ddd502,IN50c2e82ddd502,0,1,User,2021-02-22,User
863,ACSI50c2e82ddd501,IN50c2e82ddd501,0,1,User,2022-01-20,User
864,ACSI50c2e82ddd501,IN50c2e82ddd501,0,1,User,2022-01-20,User
865,ACSI50c2e82ddd502,IN50c2e82ddd502,0,1,User,2021-02-22,User
866,ACSI50c2e82ddd503,IN50c2e82ddd503,0,1,User,2020-08-17,User
867,ACSI50c2e82ddd503,IN50c2e82ddd503,0,1,User,2020-08-17,User
868,ACSI50c2e82ddd503,IN50c2e82ddd503,0,1,User,2020-08-17,User
869,ACSI50c2e82ddd502,IN50c2e82ddd502,0,1,User,2021-02-22,User
870,ACSI50c2e82ddd500,IN50c2e82ddd500,0,1,User,2022-05-21,User
871,ACSI50c2e82ddd503,IN50c2e82ddd503,0,1,User,2020-08-17,User
872,ACSI50c2e82ddd501,IN50c2e82ddd501,0,1,User,2022-01-20,User
873,ACSI50c2e82ddd503,IN50c2e82ddd503,0,1,User,2020-08-17,User
874,ACSI50c2e82ddd503,IN50c2e82ddd503,0,1,User,2020-08-17,User
875,ACSI50c2e82ddd501,IN50c2e82ddd501,0,1,User,2022-01-20,User
876,ACSI50c2e82ddd501,IN50c2e82ddd501,0,1,User,2022-01-20,User
877,ACSI50c2e82ddd500,IN50c2e82ddd500,0,1,User,2022-05-21,User
878,ACSI50c2e82ddd501,IN50c2e82ddd501,0,1,User,2022-01-20,User
879,ACSI50c2e82ddd502,IN50c2e82ddd502,0,1,User,2021-02-22,User
880,ACSI50c2e82ddd501,IN50c2e82ddd501,0,1,User,2022-01-20,User
881,ACSI50c2e82ddd500,IN50c2e82ddd500,0,1,User,2022-05-21,User
882,ACSI50c2e82ddd502,IN50c2e82ddd502,0,1,User,2021-02-22,User
883,ACSI50c2e82ddd500,IN50c2e82ddd500,0,1,User,2022-05-21,User
884,ACSI50c2e82ddd502,IN50c2e82ddd502,0,1,User,2021-02-22,User
885,ACSI50c2e82ddd503,IN50c2e82ddd503,0,1,User,2020-08-17,User
886,ACSI50c2e82ddd501,IN50c2e82ddd501,0,1,User,2022-01-20,User
887,ACSI50c2e82ddd503,IN50c2e82ddd503,0,1,User,2020-08-17,User
888,ACSI50c2e82ddd502,IN50c2e82ddd502,0,1,User,2021-02-22,User
889,ACSI50c2e82ddd500,IN50c2e82ddd500,0,1,User,2022-05-21,User
890,ACSI50c2e82ddd503,IN50c2e82ddd503,0,1,User,2020-08-17,User
891,ACSI50c2e82ddd500,IN50c2e82ddd500,0,1,User,2022-05-21,User
892,ACSI50c2e82ddd500,IN50c2e82ddd500,0,1,User,2022-05-21,User
893,ACSI50c2e82ddd501,IN50c2e82ddd501,0,1,User,2022-01-20,User
894,ACSI50c2e82ddd503,IN50c2e82ddd503,0,1,User,2020-08-17,User
895,ACSI50c2e82ddd502,IN50c2e82ddd502,0,1,User,2021-02-22,User
896,ACSI50c2e82ddd502,IN50c2e82ddd502,0,1,User,2021-02-22,User
897,ACSI50c2e82ddd502,IN50c2e82ddd502,0,1,User,2021-02-22,User
898,ACSI50c2e82ddd501,IN50c2e82ddd501,0,1,User,2022-01-20,User
899,ACSI50c2e82ddd501,IN50c2e82ddd501,0,1,User,2022-01-20,User
900,ACSI50c2e82ddd502,IN50c2e82ddd502,0,1,User,2021-02-22,User
901,ACSI50c2e82ddd501,IN50c2e82ddd501,0,1,User,2022-01-20,User
902,ACSI50c2e82ddd502,IN50c2e82ddd502,0,1,User,2021-02-22,User
903,ACSI50c2e82ddd503,IN50c2e82ddd503,0,1,User,2020-08-17,User
904,ACSI50c2e82ddd501,IN50c2e82ddd501,0,1,User,2022-01-20,User
905,ACSI50c2e82ddd502,IN50c2e82ddd502,0,1,User,2021-02-22,User
906,ACSI50c2e82ddd500,IN50c2e82ddd500,0,1,User,2022-05-21,User
907,ACSI50c2e82ddd503,IN50c2e82ddd503,0,1,User,2020-08-17,User
908,ACSI50c2e82ddd500,IN50c2e82ddd500,0,1,User,2022-05-21,User
909,ACSI50c2e82ddd503,IN50c2e82ddd503,0,1,User,2020-08-17,User
910,ACSI50c2e82ddd500,IN50c2e82ddd500,0,1,User,2022-05-21,User
911,ACSI50c2e82ddd500,IN50c2e82ddd500,0,1,User,2022-05-21,User
912,ACSI50c2e82ddd502,IN50c2e82ddd502,0,1,User,2021-02-22,User
913,ACSI50c2e82ddd503,IN50c2e82ddd503,0,1,User,2020-08-17,User
914,ACSI50c2e82ddd503,IN50c2e82ddd503,0,1,User,2020-08-17,User
915,ACSI50c2e82ddd501,IN50c2e82ddd501,0,1,User,2022-01-20,User
916,ACSI50c2e82ddd502,IN50c2e82ddd502,0,1,User,2021-02-22,User
917,ACSI50c2e82ddd503,IN50c2e82ddd503,0,1,User,2020-08-17,User
918,ACSI50c2e82ddd500,IN50c2e82ddd500,0,1,User,2022-05-21,User
919,ACSI50c2e82ddd500,IN50c2e82ddd500,0,1,User,2022-05-21,User
920,ACSI50c2e82ddd501,IN50c2e82ddd501,0,1,User,2022-01-20,User
921,ACSI50c2e82ddd501,IN50c2e82ddd501,0,1,User,2022-01-20,User
922,ACSI50c2e82ddd503,IN50c2e82ddd503,0,1,User,2020-08-17,User
923,ACSI50c2e82ddd502,IN50c2e82ddd502,0,1,User,2021-02-22,User
924,ACSI50c2e82ddd500,IN50c2e82ddd500,0,1,User,2022-05-21,User
925,ACSI50c2e82ddd501,IN50c2e82ddd501,0,1,User,2022-01-20,User
926,ACSI50c2e82ddd502,IN50c2e82ddd502,0,1,User,2021-02-22,User
927,ACSI50c2e82ddd502,IN50c2e82ddd502,0,1,User,2021-02-22,User
928,ACSI50c2e82ddd500,IN50c2e82ddd500,0,1,User,2022-05-21,User
929,ACSI50c2e82ddd503,IN50c2e82ddd503,0,1,User,2020-08-17,User
930,ACSI50c2e82ddd502,IN50c2e82ddd502,0,1,User,2021-02-22,User
931,ACSI50c2e82ddd503,IN50c2e82ddd503,0,1,User,2020-08-17,User
932,ACSI50c2e82ddd501,IN50c2e82ddd501,0,1,User,2022-01-20,User
933,ACSI50c2e82ddd502,IN50c2e82ddd502,0,1,User,2021-02-22,User
934,ACSI50c2e82ddd502,IN50c2e82ddd502,0,1,User,2021-02-22,User
935,ACSI50c2e82ddd500,IN50c2e82ddd500,0,1,User,2022-05-21,User
936,ACSI50c2e82ddd500,IN50c2e82ddd500,0,1,User,2022-05-21,User
937,ACSI50c2e82ddd503,IN50c2e82ddd503,0,1,User,2020-08-17,User
938,ACSI50c2e82ddd502,IN50c2e82ddd502,0,1,User,2021-02-22,User
939,ACSI50c2e82ddd501,IN50c2e82ddd501,0,1,User,2022-01-20,User
940,ACSI50c2e82ddd502,IN50c2e82ddd502,0,1,User,2021-02-22,User
941,ACSI50c2e82ddd503,IN50c2e82ddd503,0,1,User,2020-08-17,User
942,ACSI50c2e82ddd503,IN50c2e82ddd503,0,1,User,2020-08-17,User
943,ACSI50c2e82ddd503,IN50c2e82ddd503,0,1,User,2020-08-17,User
944,ACSI50c2e82ddd501,IN50c2e82ddd501,0,1,User,2022-01-20,User
945,ACSI50c2e82ddd502,IN50c2e82ddd502,0,1,User,2021-02-22,User
946,ACSI50c2e82ddd500,IN50c2e82ddd500,0,1,User,2022-05-21,User
947,ACSI50c2e82ddd500,IN50c2e82ddd500,0,1,User,2022-05-21,User
948,ACSI50c2e82ddd501,IN50c2e82ddd501,0,1,User,2022-01-20,User
949,ACSI50c2e82ddd503,IN50c2e82ddd503,0,1,User,2020-08-17,User
950,ACSI50c2e82ddd501,IN50c2e82ddd501,0,1,User,2022-01-20,User
951,ACSI50c2e82ddd503,IN50c2e82ddd503,0,1,User,2020-08-17,User
952,ACSI50c2e82ddd502,IN50c2e82ddd502,0,1,User,2021-02-22,User
953,ACSI50c2e82ddd503,IN50c2e82ddd503,0,1,User,2020-08-17,User
954,ACSI50c2e82ddd502,IN50c2e82ddd502,0,1,User,2021-02-22,User
955,ACSI50c2e82ddd501,IN50c2e82ddd501,0,1,User,2022-01-20,User
956,ACSI50c2e82ddd501,IN50c2e82ddd501,0,1,User,2022-01-20,User
957,ACSI50c2e82ddd502,IN50c2e82ddd502,0,1,User,2021-02-22,User
958,ACSI50c2e82ddd500,IN50c2e82ddd500,0,1,User,2022-05-21,User
959,ACSI50c2e82ddd500,IN50c2e82ddd500,0,1,User,2022-05-21,User
960,ACSI50c2e82ddd501,IN50c2e82ddd501,0,1,User,2022-01-20,User
961,ACSI50c2e82ddd500,IN50c2e82ddd500,0,1,User,2022-05-21,User
962,ACSI50c2e82ddd503,IN50c2e82ddd503,0,1,User,2020-08-17,User
963,ACSI50c2e82ddd502,IN50c2e82ddd502,0,1,User,2021-02-22,User
964,ACSI50c2e82ddd502,IN50c2e82ddd502,0,1,User,2021-02-22,User
965,ACSI50c2e82ddd502,IN50c2e82ddd502,0,1,User,2021-02-22,User
966,ACSI50c2e82ddd503,IN50c2e82ddd503,0,1,User,2020-08-17,User
967,ACSI50c2e82ddd500,IN50c2e82ddd500,0,1,User,2022-05-21,User
968,ACSI50c2e82ddd503,IN50c2e82ddd503,0,1,User,2020-08-17,User
969,ACSI50c2e82ddd501,IN50c2e82ddd501,0,1,User,2022-01-20,User
970,ACSI50c2e82ddd503,IN50c2e82ddd503,0,1,User,2020-08-17,User
971,ACSI50c2e82ddd503,IN50c2e82ddd503,0,1,User,2020-08-17,User
972,ACSI50c2e82ddd501,IN50c2e82ddd501,0,1,User,2022-01-20,User
973,ACSI50c2e82ddd501,IN50c2e82ddd501,0,1,User,2022-01-20,User
974,ACSI50c2e82ddd503,IN50c2e82ddd503,0,1,User,2020-08-17,User
975,ACSI50c2e82ddd502,IN50c2e82ddd502,0,1,User,2021-02-22,User
976,ACSI50c2e82ddd502,IN50c2e82ddd502,0,1,User,2021-02-22,User
977,ACSI50c2e82ddd501,IN50c2e82ddd501,0,1,User,2022-01-20,User
978,ACSI50c2e82ddd501,IN50c2e82ddd501,0,1,User,2022-01-20,User
979,ACSI50c2e82ddd503,IN50c2e82ddd503,0,1,User,2020-08-17,User
980,ACSI50c2e82ddd500,IN50c2e82ddd500,0,1,User,2022-05-21,User
981,ACSI50c2e82ddd502,IN50c2e82ddd502,0,1,User,2021-02-22,User
982,ACSI50c2e82ddd503,IN50c2e82ddd503,0,1,User,2020-08-17,User
983,ACSI50c2e82ddd502,IN50c2e82ddd502,0,1,User,2021-02-22,User
984,ACSI50c2e82ddd503,IN50c2e82ddd503,0,1,User,2020-08-17,User
985,ACSI50c2e82ddd503,IN50c2e82ddd503,0,1,User,2020-08-17,User
986,ACSI50c2e82ddd501,IN50c2e82ddd501,0,1,User,2022-01-20,User
987,ACSI50c2e82ddd500,IN50c2e82ddd500,0,1,User,2022-05-21,User
988,ACSI50c2e82ddd501,IN50c2e82ddd501,0,1,User,2022-01-20,User
989,ACSI50c2e82ddd501,IN50c2e82ddd501,0,1,User,2022-01-20,User
990,ACSI50c2e82ddd503,IN50c2e82ddd503,0,1,User,2020-08-17,User
991,ACSI50c2e82ddd503,IN50c2e82ddd503,0,1,User,2020-08-17,User
992,ACSI50c2e82ddd502,IN50c2e82ddd502,0,1,User,2021-02-22,User
993,ACSI50c2e82ddd502,IN50c2e82ddd502,0,1,User,2021-02-22,User
994,ACSI50c2e82ddd502,IN50c2e82ddd502,0,1,User,2021-02-22,User
995,ACSI50c2e82ddd503,IN50c2e82ddd503,0,1,User,2020-08-17,User
996,ACSI50c2e82ddd501,IN50c2e82ddd501,0,1,User,2022-01-20,User
997,ACSI50c2e82ddd501,IN50c2e82ddd501,0,1,User,2022-01-20,User
998,ACSI50c2e82ddd502,IN50c2e82ddd502,0,1,User,2021-02-22,User
999,ACSI50c2e82ddd503,IN50c2e82ddd503,0,1,User,2020-08-17,User
