,ad_c_email_id,ad_c_email_initiative_id,ad_c_email_service,ad_c_email_response,ad_c_email_updated_by,ad_c_email_created_time,ad_c_email_updated_time,ad_c_email_created_by
0,ACEI50c2e82ddd503,IN50c2e82ddd503,proton,0,User,2022-10-17,2022-10-19,User
1,ACEI50c2e82ddd501,IN50c2e82ddd501,hotmail,1,User,2022-04-20,2022-04-27,User
2,ACEI50c2e82ddd503,IN50c2e82ddd503,proton,0,User,2022-10-17,2022-10-19,User
3,ACEI50c2e82ddd501,IN50c2e82ddd501,hotmail,1,User,2022-04-20,2022-04-27,User
4,ACEI50c2e82ddd503,IN50c2e82ddd503,proton,0,User,2022-10-17,2022-10-19,User
5,ACEI50c2e82ddd500,IN50c2e82ddd500,hotmail,0,User,2022-10-26,2022-11-01,User
6,ACEI50c2e82ddd502,IN50c2e82ddd502,aol,0,User,2021-06-24,2021-07-02,User
7,ACEI50c2e82ddd501,IN50c2e82ddd501,hotmail,1,User,2022-04-20,2022-04-27,User
8,ACEI50c2e82ddd503,IN50c2e82ddd503,proton,0,User,2022-10-17,2022-10-19,User
9,ACEI50c2e82ddd500,IN50c2e82ddd500,hotmail,0,User,2022-10-26,2022-11-01,User
10,ACEI50c2e82ddd503,IN50c2e82ddd503,proton,0,User,2022-10-17,2022-10-19,User
11,ACEI50c2e82ddd500,IN50c2e82ddd500,hotmail,0,User,2022-10-26,2022-11-01,User
12,ACEI50c2e82ddd503,IN50c2e82ddd503,proton,0,User,2022-10-17,2022-10-19,User
13,ACEI50c2e82ddd501,IN50c2e82ddd501,hotmail,1,User,2022-04-20,2022-04-27,User
14,ACEI50c2e82ddd500,IN50c2e82ddd500,hotmail,0,User,2022-10-26,2022-11-01,User
15,ACEI50c2e82ddd500,IN50c2e82ddd500,hotmail,0,User,2022-10-26,2022-11-01,User
16,ACEI50c2e82ddd503,IN50c2e82ddd503,proton,0,User,2022-10-17,2022-10-19,User
17,ACEI50c2e82ddd503,IN50c2e82ddd503,proton,0,User,2022-10-17,2022-10-19,User
18,ACEI50c2e82ddd501,IN50c2e82ddd501,hotmail,1,User,2022-04-20,2022-04-27,User
19,ACEI50c2e82ddd503,IN50c2e82ddd503,proton,0,User,2022-10-17,2022-10-19,User
20,ACEI50c2e82ddd500,IN50c2e82ddd500,hotmail,0,User,2022-10-26,2022-11-01,User
21,ACEI50c2e82ddd503,IN50c2e82ddd503,proton,0,User,2022-10-17,2022-10-19,User
22,ACEI50c2e82ddd501,IN50c2e82ddd501,hotmail,1,User,2022-04-20,2022-04-27,User
23,ACEI50c2e82ddd501,IN50c2e82ddd501,hotmail,1,User,2022-04-20,2022-04-27,User
24,ACEI50c2e82ddd500,IN50c2e82ddd500,hotmail,0,User,2022-10-26,2022-11-01,User
25,ACEI50c2e82ddd500,IN50c2e82ddd500,hotmail,0,User,2022-10-26,2022-11-01,User
26,ACEI50c2e82ddd501,IN50c2e82ddd501,hotmail,1,User,2022-04-20,2022-04-27,User
27,ACEI50c2e82ddd503,IN50c2e82ddd503,proton,0,User,2022-10-17,2022-10-19,User
28,ACEI50c2e82ddd501,IN50c2e82ddd501,hotmail,1,User,2022-04-20,2022-04-27,User
29,ACEI50c2e82ddd500,IN50c2e82ddd500,hotmail,0,User,2022-10-26,2022-11-01,User
30,ACEI50c2e82ddd500,IN50c2e82ddd500,hotmail,0,User,2022-10-26,2022-11-01,User
31,ACEI50c2e82ddd500,IN50c2e82ddd500,hotmail,0,User,2022-10-26,2022-11-01,User
32,ACEI50c2e82ddd500,IN50c2e82ddd500,hotmail,0,User,2022-10-26,2022-11-01,User
33,ACEI50c2e82ddd501,IN50c2e82ddd501,hotmail,1,User,2022-04-20,2022-04-27,User
34,ACEI50c2e82ddd503,IN50c2e82ddd503,proton,0,User,2022-10-17,2022-10-19,User
35,ACEI50c2e82ddd500,IN50c2e82ddd500,hotmail,0,User,2022-10-26,2022-11-01,User
36,ACEI50c2e82ddd503,IN50c2e82ddd503,proton,0,User,2022-10-17,2022-10-19,User
37,ACEI50c2e82ddd501,IN50c2e82ddd501,hotmail,1,User,2022-04-20,2022-04-27,User
38,ACEI50c2e82ddd500,IN50c2e82ddd500,hotmail,0,User,2022-10-26,2022-11-01,User
39,ACEI50c2e82ddd503,IN50c2e82ddd503,proton,0,User,2022-10-17,2022-10-19,User
40,ACEI50c2e82ddd501,IN50c2e82ddd501,hotmail,1,User,2022-04-20,2022-04-27,User
41,ACEI50c2e82ddd501,IN50c2e82ddd501,hotmail,1,User,2022-04-20,2022-04-27,User
42,ACEI50c2e82ddd502,IN50c2e82ddd502,aol,0,User,2021-06-24,2021-07-02,User
43,ACEI50c2e82ddd501,IN50c2e82ddd501,hotmail,1,User,2022-04-20,2022-04-27,User
44,ACEI50c2e82ddd500,IN50c2e82ddd500,hotmail,0,User,2022-10-26,2022-11-01,User
45,ACEI50c2e82ddd502,IN50c2e82ddd502,aol,0,User,2021-06-24,2021-07-02,User
46,ACEI50c2e82ddd501,IN50c2e82ddd501,hotmail,1,User,2022-04-20,2022-04-27,User
47,ACEI50c2e82ddd500,IN50c2e82ddd500,hotmail,0,User,2022-10-26,2022-11-01,User
48,ACEI50c2e82ddd500,IN50c2e82ddd500,hotmail,0,User,2022-10-26,2022-11-01,User
49,ACEI50c2e82ddd502,IN50c2e82ddd502,aol,0,User,2021-06-24,2021-07-02,User
50,ACEI50c2e82ddd501,IN50c2e82ddd501,hotmail,1,User,2022-04-20,2022-04-27,User
51,ACEI50c2e82ddd500,IN50c2e82ddd500,hotmail,0,User,2022-10-26,2022-11-01,User
52,ACEI50c2e82ddd502,IN50c2e82ddd502,aol,0,User,2021-06-24,2021-07-02,User
53,ACEI50c2e82ddd503,IN50c2e82ddd503,proton,0,User,2022-10-17,2022-10-19,User
54,ACEI50c2e82ddd500,IN50c2e82ddd500,hotmail,0,User,2022-10-26,2022-11-01,User
55,ACEI50c2e82ddd500,IN50c2e82ddd500,hotmail,0,User,2022-10-26,2022-11-01,User
56,ACEI50c2e82ddd502,IN50c2e82ddd502,aol,0,User,2021-06-24,2021-07-02,User
57,ACEI50c2e82ddd503,IN50c2e82ddd503,proton,0,User,2022-10-17,2022-10-19,User
58,ACEI50c2e82ddd502,IN50c2e82ddd502,aol,0,User,2021-06-24,2021-07-02,User
59,ACEI50c2e82ddd503,IN50c2e82ddd503,proton,0,User,2022-10-17,2022-10-19,User
60,ACEI50c2e82ddd501,IN50c2e82ddd501,hotmail,1,User,2022-04-20,2022-04-27,User
61,ACEI50c2e82ddd502,IN50c2e82ddd502,aol,0,User,2021-06-24,2021-07-02,User
62,ACEI50c2e82ddd503,IN50c2e82ddd503,proton,0,User,2022-10-17,2022-10-19,User
63,ACEI50c2e82ddd503,IN50c2e82ddd503,proton,0,User,2022-10-17,2022-10-19,User
64,ACEI50c2e82ddd501,IN50c2e82ddd501,hotmail,1,User,2022-04-20,2022-04-27,User
65,ACEI50c2e82ddd501,IN50c2e82ddd501,hotmail,1,User,2022-04-20,2022-04-27,User
66,ACEI50c2e82ddd500,IN50c2e82ddd500,hotmail,0,User,2022-10-26,2022-11-01,User
67,ACEI50c2e82ddd502,IN50c2e82ddd502,aol,0,User,2021-06-24,2021-07-02,User
68,ACEI50c2e82ddd500,IN50c2e82ddd500,hotmail,0,User,2022-10-26,2022-11-01,User
69,ACEI50c2e82ddd501,IN50c2e82ddd501,hotmail,1,User,2022-04-20,2022-04-27,User
70,ACEI50c2e82ddd503,IN50c2e82ddd503,proton,0,User,2022-10-17,2022-10-19,User
71,ACEI50c2e82ddd502,IN50c2e82ddd502,aol,0,User,2021-06-24,2021-07-02,User
72,ACEI50c2e82ddd503,IN50c2e82ddd503,proton,0,User,2022-10-17,2022-10-19,User
73,ACEI50c2e82ddd502,IN50c2e82ddd502,aol,0,User,2021-06-24,2021-07-02,User
74,ACEI50c2e82ddd500,IN50c2e82ddd500,hotmail,0,User,2022-10-26,2022-11-01,User
75,ACEI50c2e82ddd503,IN50c2e82ddd503,proton,0,User,2022-10-17,2022-10-19,User
76,ACEI50c2e82ddd500,IN50c2e82ddd500,hotmail,0,User,2022-10-26,2022-11-01,User
77,ACEI50c2e82ddd502,IN50c2e82ddd502,aol,0,User,2021-06-24,2021-07-02,User
78,ACEI50c2e82ddd503,IN50c2e82ddd503,proton,0,User,2022-10-17,2022-10-19,User
79,ACEI50c2e82ddd502,IN50c2e82ddd502,aol,0,User,2021-06-24,2021-07-02,User
80,ACEI50c2e82ddd501,IN50c2e82ddd501,hotmail,1,User,2022-04-20,2022-04-27,User
81,ACEI50c2e82ddd500,IN50c2e82ddd500,hotmail,0,User,2022-10-26,2022-11-01,User
82,ACEI50c2e82ddd503,IN50c2e82ddd503,proton,0,User,2022-10-17,2022-10-19,User
83,ACEI50c2e82ddd502,IN50c2e82ddd502,aol,0,User,2021-06-24,2021-07-02,User
84,ACEI50c2e82ddd501,IN50c2e82ddd501,hotmail,1,User,2022-04-20,2022-04-27,User
85,ACEI50c2e82ddd502,IN50c2e82ddd502,aol,0,User,2021-06-24,2021-07-02,User
86,ACEI50c2e82ddd500,IN50c2e82ddd500,hotmail,0,User,2022-10-26,2022-11-01,User
87,ACEI50c2e82ddd501,IN50c2e82ddd501,hotmail,1,User,2022-04-20,2022-04-27,User
88,ACEI50c2e82ddd501,IN50c2e82ddd501,hotmail,1,User,2022-04-20,2022-04-27,User
89,ACEI50c2e82ddd500,IN50c2e82ddd500,hotmail,0,User,2022-10-26,2022-11-01,User
90,ACEI50c2e82ddd500,IN50c2e82ddd500,hotmail,0,User,2022-10-26,2022-11-01,User
91,ACEI50c2e82ddd501,IN50c2e82ddd501,hotmail,1,User,2022-04-20,2022-04-27,User
92,ACEI50c2e82ddd503,IN50c2e82ddd503,proton,0,User,2022-10-17,2022-10-19,User
93,ACEI50c2e82ddd503,IN50c2e82ddd503,proton,0,User,2022-10-17,2022-10-19,User
94,ACEI50c2e82ddd503,IN50c2e82ddd503,proton,0,User,2022-10-17,2022-10-19,User
95,ACEI50c2e82ddd502,IN50c2e82ddd502,aol,0,User,2021-06-24,2021-07-02,User
96,ACEI50c2e82ddd500,IN50c2e82ddd500,hotmail,0,User,2022-10-26,2022-11-01,User
97,ACEI50c2e82ddd500,IN50c2e82ddd500,hotmail,0,User,2022-10-26,2022-11-01,User
98,ACEI50c2e82ddd502,IN50c2e82ddd502,aol,0,User,2021-06-24,2021-07-02,User
99,ACEI50c2e82ddd502,IN50c2e82ddd502,aol,0,User,2021-06-24,2021-07-02,User
100,ACEI50c2e82ddd501,IN50c2e82ddd501,hotmail,1,User,2022-04-20,2022-04-27,User
101,ACEI50c2e82ddd503,IN50c2e82ddd503,proton,0,User,2022-10-17,2022-10-19,User
102,ACEI50c2e82ddd502,IN50c2e82ddd502,aol,0,User,2021-06-24,2021-07-02,User
103,ACEI50c2e82ddd501,IN50c2e82ddd501,hotmail,1,User,2022-04-20,2022-04-27,User
104,ACEI50c2e82ddd500,IN50c2e82ddd500,hotmail,0,User,2022-10-26,2022-11-01,User
105,ACEI50c2e82ddd501,IN50c2e82ddd501,hotmail,1,User,2022-04-20,2022-04-27,User
106,ACEI50c2e82ddd503,IN50c2e82ddd503,proton,0,User,2022-10-17,2022-10-19,User
107,ACEI50c2e82ddd502,IN50c2e82ddd502,aol,0,User,2021-06-24,2021-07-02,User
108,ACEI50c2e82ddd501,IN50c2e82ddd501,hotmail,1,User,2022-04-20,2022-04-27,User
109,ACEI50c2e82ddd502,IN50c2e82ddd502,aol,0,User,2021-06-24,2021-07-02,User
110,ACEI50c2e82ddd501,IN50c2e82ddd501,hotmail,1,User,2022-04-20,2022-04-27,User
111,ACEI50c2e82ddd502,IN50c2e82ddd502,aol,0,User,2021-06-24,2021-07-02,User
112,ACEI50c2e82ddd500,IN50c2e82ddd500,hotmail,0,User,2022-10-26,2022-11-01,User
113,ACEI50c2e82ddd502,IN50c2e82ddd502,aol,0,User,2021-06-24,2021-07-02,User
114,ACEI50c2e82ddd501,IN50c2e82ddd501,hotmail,1,User,2022-04-20,2022-04-27,User
115,ACEI50c2e82ddd500,IN50c2e82ddd500,hotmail,0,User,2022-10-26,2022-11-01,User
116,ACEI50c2e82ddd502,IN50c2e82ddd502,aol,0,User,2021-06-24,2021-07-02,User
117,ACEI50c2e82ddd500,IN50c2e82ddd500,hotmail,0,User,2022-10-26,2022-11-01,User
118,ACEI50c2e82ddd502,IN50c2e82ddd502,aol,0,User,2021-06-24,2021-07-02,User
119,ACEI50c2e82ddd501,IN50c2e82ddd501,hotmail,1,User,2022-04-20,2022-04-27,User
120,ACEI50c2e82ddd503,IN50c2e82ddd503,proton,0,User,2022-10-17,2022-10-19,User
121,ACEI50c2e82ddd503,IN50c2e82ddd503,proton,0,User,2022-10-17,2022-10-19,User
122,ACEI50c2e82ddd501,IN50c2e82ddd501,hotmail,1,User,2022-04-20,2022-04-27,User
123,ACEI50c2e82ddd500,IN50c2e82ddd500,hotmail,0,User,2022-10-26,2022-11-01,User
124,ACEI50c2e82ddd501,IN50c2e82ddd501,hotmail,1,User,2022-04-20,2022-04-27,User
125,ACEI50c2e82ddd500,IN50c2e82ddd500,hotmail,0,User,2022-10-26,2022-11-01,User
126,ACEI50c2e82ddd502,IN50c2e82ddd502,aol,0,User,2021-06-24,2021-07-02,User
127,ACEI50c2e82ddd501,IN50c2e82ddd501,hotmail,1,User,2022-04-20,2022-04-27,User
128,ACEI50c2e82ddd501,IN50c2e82ddd501,hotmail,1,User,2022-04-20,2022-04-27,User
129,ACEI50c2e82ddd502,IN50c2e82ddd502,aol,0,User,2021-06-24,2021-07-02,User
130,ACEI50c2e82ddd501,IN50c2e82ddd501,hotmail,1,User,2022-04-20,2022-04-27,User
131,ACEI50c2e82ddd503,IN50c2e82ddd503,proton,0,User,2022-10-17,2022-10-19,User
132,ACEI50c2e82ddd501,IN50c2e82ddd501,hotmail,1,User,2022-04-20,2022-04-27,User
133,ACEI50c2e82ddd500,IN50c2e82ddd500,hotmail,0,User,2022-10-26,2022-11-01,User
134,ACEI50c2e82ddd503,IN50c2e82ddd503,proton,0,User,2022-10-17,2022-10-19,User
135,ACEI50c2e82ddd503,IN50c2e82ddd503,proton,0,User,2022-10-17,2022-10-19,User
136,ACEI50c2e82ddd501,IN50c2e82ddd501,hotmail,1,User,2022-04-20,2022-04-27,User
137,ACEI50c2e82ddd502,IN50c2e82ddd502,aol,0,User,2021-06-24,2021-07-02,User
138,ACEI50c2e82ddd500,IN50c2e82ddd500,hotmail,0,User,2022-10-26,2022-11-01,User
139,ACEI50c2e82ddd502,IN50c2e82ddd502,aol,0,User,2021-06-24,2021-07-02,User
140,ACEI50c2e82ddd502,IN50c2e82ddd502,aol,0,User,2021-06-24,2021-07-02,User
141,ACEI50c2e82ddd503,IN50c2e82ddd503,proton,0,User,2022-10-17,2022-10-19,User
142,ACEI50c2e82ddd502,IN50c2e82ddd502,aol,0,User,2021-06-24,2021-07-02,User
143,ACEI50c2e82ddd500,IN50c2e82ddd500,hotmail,0,User,2022-10-26,2022-11-01,User
144,ACEI50c2e82ddd502,IN50c2e82ddd502,aol,0,User,2021-06-24,2021-07-02,User
145,ACEI50c2e82ddd502,IN50c2e82ddd502,aol,0,User,2021-06-24,2021-07-02,User
146,ACEI50c2e82ddd502,IN50c2e82ddd502,aol,0,User,2021-06-24,2021-07-02,User
147,ACEI50c2e82ddd501,IN50c2e82ddd501,hotmail,1,User,2022-04-20,2022-04-27,User
148,ACEI50c2e82ddd501,IN50c2e82ddd501,hotmail,1,User,2022-04-20,2022-04-27,User
149,ACEI50c2e82ddd503,IN50c2e82ddd503,proton,0,User,2022-10-17,2022-10-19,User
150,ACEI50c2e82ddd500,IN50c2e82ddd500,hotmail,0,User,2022-10-26,2022-11-01,User
151,ACEI50c2e82ddd502,IN50c2e82ddd502,aol,0,User,2021-06-24,2021-07-02,User
152,ACEI50c2e82ddd501,IN50c2e82ddd501,hotmail,1,User,2022-04-20,2022-04-27,User
153,ACEI50c2e82ddd501,IN50c2e82ddd501,hotmail,1,User,2022-04-20,2022-04-27,User
154,ACEI50c2e82ddd501,IN50c2e82ddd501,hotmail,1,User,2022-04-20,2022-04-27,User
155,ACEI50c2e82ddd500,IN50c2e82ddd500,hotmail,0,User,2022-10-26,2022-11-01,User
156,ACEI50c2e82ddd502,IN50c2e82ddd502,aol,0,User,2021-06-24,2021-07-02,User
157,ACEI50c2e82ddd503,IN50c2e82ddd503,proton,0,User,2022-10-17,2022-10-19,User
158,ACEI50c2e82ddd501,IN50c2e82ddd501,hotmail,1,User,2022-04-20,2022-04-27,User
159,ACEI50c2e82ddd501,IN50c2e82ddd501,hotmail,1,User,2022-04-20,2022-04-27,User
160,ACEI50c2e82ddd503,IN50c2e82ddd503,proton,0,User,2022-10-17,2022-10-19,User
161,ACEI50c2e82ddd500,IN50c2e82ddd500,hotmail,0,User,2022-10-26,2022-11-01,User
162,ACEI50c2e82ddd501,IN50c2e82ddd501,hotmail,1,User,2022-04-20,2022-04-27,User
163,ACEI50c2e82ddd503,IN50c2e82ddd503,proton,0,User,2022-10-17,2022-10-19,User
164,ACEI50c2e82ddd501,IN50c2e82ddd501,hotmail,1,User,2022-04-20,2022-04-27,User
165,ACEI50c2e82ddd501,IN50c2e82ddd501,hotmail,1,User,2022-04-20,2022-04-27,User
166,ACEI50c2e82ddd503,IN50c2e82ddd503,proton,0,User,2022-10-17,2022-10-19,User
167,ACEI50c2e82ddd501,IN50c2e82ddd501,hotmail,1,User,2022-04-20,2022-04-27,User
168,ACEI50c2e82ddd500,IN50c2e82ddd500,hotmail,0,User,2022-10-26,2022-11-01,User
169,ACEI50c2e82ddd500,IN50c2e82ddd500,hotmail,0,User,2022-10-26,2022-11-01,User
170,ACEI50c2e82ddd500,IN50c2e82ddd500,hotmail,0,User,2022-10-26,2022-11-01,User
171,ACEI50c2e82ddd501,IN50c2e82ddd501,hotmail,1,User,2022-04-20,2022-04-27,User
172,ACEI50c2e82ddd501,IN50c2e82ddd501,hotmail,1,User,2022-04-20,2022-04-27,User
173,ACEI50c2e82ddd502,IN50c2e82ddd502,aol,0,User,2021-06-24,2021-07-02,User
174,ACEI50c2e82ddd503,IN50c2e82ddd503,proton,0,User,2022-10-17,2022-10-19,User
175,ACEI50c2e82ddd500,IN50c2e82ddd500,hotmail,0,User,2022-10-26,2022-11-01,User
176,ACEI50c2e82ddd500,IN50c2e82ddd500,hotmail,0,User,2022-10-26,2022-11-01,User
177,ACEI50c2e82ddd503,IN50c2e82ddd503,proton,0,User,2022-10-17,2022-10-19,User
178,ACEI50c2e82ddd502,IN50c2e82ddd502,aol,0,User,2021-06-24,2021-07-02,User
179,ACEI50c2e82ddd503,IN50c2e82ddd503,proton,0,User,2022-10-17,2022-10-19,User
180,ACEI50c2e82ddd501,IN50c2e82ddd501,hotmail,1,User,2022-04-20,2022-04-27,User
181,ACEI50c2e82ddd502,IN50c2e82ddd502,aol,0,User,2021-06-24,2021-07-02,User
182,ACEI50c2e82ddd503,IN50c2e82ddd503,proton,0,User,2022-10-17,2022-10-19,User
183,ACEI50c2e82ddd500,IN50c2e82ddd500,hotmail,0,User,2022-10-26,2022-11-01,User
184,ACEI50c2e82ddd500,IN50c2e82ddd500,hotmail,0,User,2022-10-26,2022-11-01,User
185,ACEI50c2e82ddd502,IN50c2e82ddd502,aol,0,User,2021-06-24,2021-07-02,User
186,ACEI50c2e82ddd503,IN50c2e82ddd503,proton,0,User,2022-10-17,2022-10-19,User
187,ACEI50c2e82ddd500,IN50c2e82ddd500,hotmail,0,User,2022-10-26,2022-11-01,User
188,ACEI50c2e82ddd500,IN50c2e82ddd500,hotmail,0,User,2022-10-26,2022-11-01,User
189,ACEI50c2e82ddd500,IN50c2e82ddd500,hotmail,0,User,2022-10-26,2022-11-01,User
190,ACEI50c2e82ddd501,IN50c2e82ddd501,hotmail,1,User,2022-04-20,2022-04-27,User
191,ACEI50c2e82ddd503,IN50c2e82ddd503,proton,0,User,2022-10-17,2022-10-19,User
192,ACEI50c2e82ddd503,IN50c2e82ddd503,proton,0,User,2022-10-17,2022-10-19,User
193,ACEI50c2e82ddd503,IN50c2e82ddd503,proton,0,User,2022-10-17,2022-10-19,User
194,ACEI50c2e82ddd501,IN50c2e82ddd501,hotmail,1,User,2022-04-20,2022-04-27,User
195,ACEI50c2e82ddd503,IN50c2e82ddd503,proton,0,User,2022-10-17,2022-10-19,User
196,ACEI50c2e82ddd502,IN50c2e82ddd502,aol,0,User,2021-06-24,2021-07-02,User
197,ACEI50c2e82ddd500,IN50c2e82ddd500,hotmail,0,User,2022-10-26,2022-11-01,User
198,ACEI50c2e82ddd503,IN50c2e82ddd503,proton,0,User,2022-10-17,2022-10-19,User
199,ACEI50c2e82ddd503,IN50c2e82ddd503,proton,0,User,2022-10-17,2022-10-19,User
200,ACEI50c2e82ddd503,IN50c2e82ddd503,proton,0,User,2022-10-17,2022-10-19,User
201,ACEI50c2e82ddd501,IN50c2e82ddd501,hotmail,1,User,2022-04-20,2022-04-27,User
202,ACEI50c2e82ddd503,IN50c2e82ddd503,proton,0,User,2022-10-17,2022-10-19,User
203,ACEI50c2e82ddd502,IN50c2e82ddd502,aol,0,User,2021-06-24,2021-07-02,User
204,ACEI50c2e82ddd502,IN50c2e82ddd502,aol,0,User,2021-06-24,2021-07-02,User
205,ACEI50c2e82ddd503,IN50c2e82ddd503,proton,0,User,2022-10-17,2022-10-19,User
206,ACEI50c2e82ddd500,IN50c2e82ddd500,hotmail,0,User,2022-10-26,2022-11-01,User
207,ACEI50c2e82ddd500,IN50c2e82ddd500,hotmail,0,User,2022-10-26,2022-11-01,User
208,ACEI50c2e82ddd503,IN50c2e82ddd503,proton,0,User,2022-10-17,2022-10-19,User
209,ACEI50c2e82ddd503,IN50c2e82ddd503,proton,0,User,2022-10-17,2022-10-19,User
210,ACEI50c2e82ddd501,IN50c2e82ddd501,hotmail,1,User,2022-04-20,2022-04-27,User
211,ACEI50c2e82ddd501,IN50c2e82ddd501,hotmail,1,User,2022-04-20,2022-04-27,User
212,ACEI50c2e82ddd503,IN50c2e82ddd503,proton,0,User,2022-10-17,2022-10-19,User
213,ACEI50c2e82ddd501,IN50c2e82ddd501,hotmail,1,User,2022-04-20,2022-04-27,User
214,ACEI50c2e82ddd501,IN50c2e82ddd501,hotmail,1,User,2022-04-20,2022-04-27,User
215,ACEI50c2e82ddd503,IN50c2e82ddd503,proton,0,User,2022-10-17,2022-10-19,User
216,ACEI50c2e82ddd502,IN50c2e82ddd502,aol,0,User,2021-06-24,2021-07-02,User
217,ACEI50c2e82ddd501,IN50c2e82ddd501,hotmail,1,User,2022-04-20,2022-04-27,User
218,ACEI50c2e82ddd502,IN50c2e82ddd502,aol,0,User,2021-06-24,2021-07-02,User
219,ACEI50c2e82ddd503,IN50c2e82ddd503,proton,0,User,2022-10-17,2022-10-19,User
220,ACEI50c2e82ddd501,IN50c2e82ddd501,hotmail,1,User,2022-04-20,2022-04-27,User
221,ACEI50c2e82ddd502,IN50c2e82ddd502,aol,0,User,2021-06-24,2021-07-02,User
222,ACEI50c2e82ddd502,IN50c2e82ddd502,aol,0,User,2021-06-24,2021-07-02,User
223,ACEI50c2e82ddd500,IN50c2e82ddd500,hotmail,0,User,2022-10-26,2022-11-01,User
224,ACEI50c2e82ddd502,IN50c2e82ddd502,aol,0,User,2021-06-24,2021-07-02,User
225,ACEI50c2e82ddd503,IN50c2e82ddd503,proton,0,User,2022-10-17,2022-10-19,User
226,ACEI50c2e82ddd502,IN50c2e82ddd502,aol,0,User,2021-06-24,2021-07-02,User
227,ACEI50c2e82ddd503,IN50c2e82ddd503,proton,0,User,2022-10-17,2022-10-19,User
228,ACEI50c2e82ddd502,IN50c2e82ddd502,aol,0,User,2021-06-24,2021-07-02,User
229,ACEI50c2e82ddd502,IN50c2e82ddd502,aol,0,User,2021-06-24,2021-07-02,User
230,ACEI50c2e82ddd503,IN50c2e82ddd503,proton,0,User,2022-10-17,2022-10-19,User
231,ACEI50c2e82ddd502,IN50c2e82ddd502,aol,0,User,2021-06-24,2021-07-02,User
232,ACEI50c2e82ddd502,IN50c2e82ddd502,aol,0,User,2021-06-24,2021-07-02,User
233,ACEI50c2e82ddd502,IN50c2e82ddd502,aol,0,User,2021-06-24,2021-07-02,User
234,ACEI50c2e82ddd501,IN50c2e82ddd501,hotmail,1,User,2022-04-20,2022-04-27,User
235,ACEI50c2e82ddd500,IN50c2e82ddd500,hotmail,0,User,2022-10-26,2022-11-01,User
236,ACEI50c2e82ddd502,IN50c2e82ddd502,aol,0,User,2021-06-24,2021-07-02,User
237,ACEI50c2e82ddd500,IN50c2e82ddd500,hotmail,0,User,2022-10-26,2022-11-01,User
238,ACEI50c2e82ddd502,IN50c2e82ddd502,aol,0,User,2021-06-24,2021-07-02,User
239,ACEI50c2e82ddd501,IN50c2e82ddd501,hotmail,1,User,2022-04-20,2022-04-27,User
240,ACEI50c2e82ddd501,IN50c2e82ddd501,hotmail,1,User,2022-04-20,2022-04-27,User
241,ACEI50c2e82ddd501,IN50c2e82ddd501,hotmail,1,User,2022-04-20,2022-04-27,User
242,ACEI50c2e82ddd500,IN50c2e82ddd500,hotmail,0,User,2022-10-26,2022-11-01,User
243,ACEI50c2e82ddd502,IN50c2e82ddd502,aol,0,User,2021-06-24,2021-07-02,User
244,ACEI50c2e82ddd501,IN50c2e82ddd501,hotmail,1,User,2022-04-20,2022-04-27,User
245,ACEI50c2e82ddd500,IN50c2e82ddd500,hotmail,0,User,2022-10-26,2022-11-01,User
246,ACEI50c2e82ddd500,IN50c2e82ddd500,hotmail,0,User,2022-10-26,2022-11-01,User
247,ACEI50c2e82ddd500,IN50c2e82ddd500,hotmail,0,User,2022-10-26,2022-11-01,User
248,ACEI50c2e82ddd502,IN50c2e82ddd502,aol,0,User,2021-06-24,2021-07-02,User
249,ACEI50c2e82ddd500,IN50c2e82ddd500,hotmail,0,User,2022-10-26,2022-11-01,User
250,ACEI50c2e82ddd501,IN50c2e82ddd501,hotmail,1,User,2022-04-20,2022-04-27,User
251,ACEI50c2e82ddd502,IN50c2e82ddd502,aol,0,User,2021-06-24,2021-07-02,User
252,ACEI50c2e82ddd501,IN50c2e82ddd501,hotmail,1,User,2022-04-20,2022-04-27,User
253,ACEI50c2e82ddd503,IN50c2e82ddd503,proton,0,User,2022-10-17,2022-10-19,User
254,ACEI50c2e82ddd502,IN50c2e82ddd502,aol,0,User,2021-06-24,2021-07-02,User
255,ACEI50c2e82ddd501,IN50c2e82ddd501,hotmail,1,User,2022-04-20,2022-04-27,User
256,ACEI50c2e82ddd502,IN50c2e82ddd502,aol,0,User,2021-06-24,2021-07-02,User
257,ACEI50c2e82ddd501,IN50c2e82ddd501,hotmail,1,User,2022-04-20,2022-04-27,User
258,ACEI50c2e82ddd501,IN50c2e82ddd501,hotmail,1,User,2022-04-20,2022-04-27,User
259,ACEI50c2e82ddd502,IN50c2e82ddd502,aol,0,User,2021-06-24,2021-07-02,User
260,ACEI50c2e82ddd501,IN50c2e82ddd501,hotmail,1,User,2022-04-20,2022-04-27,User
261,ACEI50c2e82ddd502,IN50c2e82ddd502,aol,0,User,2021-06-24,2021-07-02,User
262,ACEI50c2e82ddd503,IN50c2e82ddd503,proton,0,User,2022-10-17,2022-10-19,User
263,ACEI50c2e82ddd503,IN50c2e82ddd503,proton,0,User,2022-10-17,2022-10-19,User
264,ACEI50c2e82ddd501,IN50c2e82ddd501,hotmail,1,User,2022-04-20,2022-04-27,User
265,ACEI50c2e82ddd502,IN50c2e82ddd502,aol,0,User,2021-06-24,2021-07-02,User
266,ACEI50c2e82ddd503,IN50c2e82ddd503,proton,0,User,2022-10-17,2022-10-19,User
267,ACEI50c2e82ddd503,IN50c2e82ddd503,proton,0,User,2022-10-17,2022-10-19,User
268,ACEI50c2e82ddd503,IN50c2e82ddd503,proton,0,User,2022-10-17,2022-10-19,User
269,ACEI50c2e82ddd502,IN50c2e82ddd502,aol,0,User,2021-06-24,2021-07-02,User
270,ACEI50c2e82ddd500,IN50c2e82ddd500,hotmail,0,User,2022-10-26,2022-11-01,User
271,ACEI50c2e82ddd501,IN50c2e82ddd501,hotmail,1,User,2022-04-20,2022-04-27,User
272,ACEI50c2e82ddd500,IN50c2e82ddd500,hotmail,0,User,2022-10-26,2022-11-01,User
273,ACEI50c2e82ddd503,IN50c2e82ddd503,proton,0,User,2022-10-17,2022-10-19,User
274,ACEI50c2e82ddd501,IN50c2e82ddd501,hotmail,1,User,2022-04-20,2022-04-27,User
275,ACEI50c2e82ddd502,IN50c2e82ddd502,aol,0,User,2021-06-24,2021-07-02,User
276,ACEI50c2e82ddd501,IN50c2e82ddd501,hotmail,1,User,2022-04-20,2022-04-27,User
277,ACEI50c2e82ddd501,IN50c2e82ddd501,hotmail,1,User,2022-04-20,2022-04-27,User
278,ACEI50c2e82ddd503,IN50c2e82ddd503,proton,0,User,2022-10-17,2022-10-19,User
279,ACEI50c2e82ddd500,IN50c2e82ddd500,hotmail,0,User,2022-10-26,2022-11-01,User
280,ACEI50c2e82ddd502,IN50c2e82ddd502,aol,0,User,2021-06-24,2021-07-02,User
281,ACEI50c2e82ddd500,IN50c2e82ddd500,hotmail,0,User,2022-10-26,2022-11-01,User
282,ACEI50c2e82ddd501,IN50c2e82ddd501,hotmail,1,User,2022-04-20,2022-04-27,User
283,ACEI50c2e82ddd502,IN50c2e82ddd502,aol,0,User,2021-06-24,2021-07-02,User
284,ACEI50c2e82ddd500,IN50c2e82ddd500,hotmail,0,User,2022-10-26,2022-11-01,User
285,ACEI50c2e82ddd500,IN50c2e82ddd500,hotmail,0,User,2022-10-26,2022-11-01,User
286,ACEI50c2e82ddd503,IN50c2e82ddd503,proton,0,User,2022-10-17,2022-10-19,User
287,ACEI50c2e82ddd500,IN50c2e82ddd500,hotmail,0,User,2022-10-26,2022-11-01,User
288,ACEI50c2e82ddd501,IN50c2e82ddd501,hotmail,1,User,2022-04-20,2022-04-27,User
289,ACEI50c2e82ddd500,IN50c2e82ddd500,hotmail,0,User,2022-10-26,2022-11-01,User
290,ACEI50c2e82ddd501,IN50c2e82ddd501,hotmail,1,User,2022-04-20,2022-04-27,User
291,ACEI50c2e82ddd500,IN50c2e82ddd500,hotmail,0,User,2022-10-26,2022-11-01,User
292,ACEI50c2e82ddd503,IN50c2e82ddd503,proton,0,User,2022-10-17,2022-10-19,User
293,ACEI50c2e82ddd500,IN50c2e82ddd500,hotmail,0,User,2022-10-26,2022-11-01,User
294,ACEI50c2e82ddd500,IN50c2e82ddd500,hotmail,0,User,2022-10-26,2022-11-01,User
295,ACEI50c2e82ddd500,IN50c2e82ddd500,hotmail,0,User,2022-10-26,2022-11-01,User
296,ACEI50c2e82ddd502,IN50c2e82ddd502,aol,0,User,2021-06-24,2021-07-02,User
297,ACEI50c2e82ddd502,IN50c2e82ddd502,aol,0,User,2021-06-24,2021-07-02,User
298,ACEI50c2e82ddd500,IN50c2e82ddd500,hotmail,0,User,2022-10-26,2022-11-01,User
299,ACEI50c2e82ddd501,IN50c2e82ddd501,hotmail,1,User,2022-04-20,2022-04-27,User
300,ACEI50c2e82ddd501,IN50c2e82ddd501,hotmail,1,User,2022-04-20,2022-04-27,User
301,ACEI50c2e82ddd501,IN50c2e82ddd501,hotmail,1,User,2022-04-20,2022-04-27,User
302,ACEI50c2e82ddd502,IN50c2e82ddd502,aol,0,User,2021-06-24,2021-07-02,User
303,ACEI50c2e82ddd503,IN50c2e82ddd503,proton,0,User,2022-10-17,2022-10-19,User
304,ACEI50c2e82ddd502,IN50c2e82ddd502,aol,0,User,2021-06-24,2021-07-02,User
305,ACEI50c2e82ddd500,IN50c2e82ddd500,hotmail,0,User,2022-10-26,2022-11-01,User
306,ACEI50c2e82ddd502,IN50c2e82ddd502,aol,0,User,2021-06-24,2021-07-02,User
307,ACEI50c2e82ddd502,IN50c2e82ddd502,aol,0,User,2021-06-24,2021-07-02,User
308,ACEI50c2e82ddd501,IN50c2e82ddd501,hotmail,1,User,2022-04-20,2022-04-27,User
309,ACEI50c2e82ddd502,IN50c2e82ddd502,aol,0,User,2021-06-24,2021-07-02,User
310,ACEI50c2e82ddd502,IN50c2e82ddd502,aol,0,User,2021-06-24,2021-07-02,User
311,ACEI50c2e82ddd502,IN50c2e82ddd502,aol,0,User,2021-06-24,2021-07-02,User
312,ACEI50c2e82ddd502,IN50c2e82ddd502,aol,0,User,2021-06-24,2021-07-02,User
313,ACEI50c2e82ddd500,IN50c2e82ddd500,hotmail,0,User,2022-10-26,2022-11-01,User
314,ACEI50c2e82ddd503,IN50c2e82ddd503,proton,0,User,2022-10-17,2022-10-19,User
315,ACEI50c2e82ddd500,IN50c2e82ddd500,hotmail,0,User,2022-10-26,2022-11-01,User
316,ACEI50c2e82ddd501,IN50c2e82ddd501,hotmail,1,User,2022-04-20,2022-04-27,User
317,ACEI50c2e82ddd503,IN50c2e82ddd503,proton,0,User,2022-10-17,2022-10-19,User
318,ACEI50c2e82ddd500,IN50c2e82ddd500,hotmail,0,User,2022-10-26,2022-11-01,User
319,ACEI50c2e82ddd502,IN50c2e82ddd502,aol,0,User,2021-06-24,2021-07-02,User
320,ACEI50c2e82ddd502,IN50c2e82ddd502,aol,0,User,2021-06-24,2021-07-02,User
321,ACEI50c2e82ddd503,IN50c2e82ddd503,proton,0,User,2022-10-17,2022-10-19,User
322,ACEI50c2e82ddd501,IN50c2e82ddd501,hotmail,1,User,2022-04-20,2022-04-27,User
323,ACEI50c2e82ddd502,IN50c2e82ddd502,aol,0,User,2021-06-24,2021-07-02,User
324,ACEI50c2e82ddd503,IN50c2e82ddd503,proton,0,User,2022-10-17,2022-10-19,User
325,ACEI50c2e82ddd503,IN50c2e82ddd503,proton,0,User,2022-10-17,2022-10-19,User
326,ACEI50c2e82ddd502,IN50c2e82ddd502,aol,0,User,2021-06-24,2021-07-02,User
327,ACEI50c2e82ddd500,IN50c2e82ddd500,hotmail,0,User,2022-10-26,2022-11-01,User
328,ACEI50c2e82ddd503,IN50c2e82ddd503,proton,0,User,2022-10-17,2022-10-19,User
329,ACEI50c2e82ddd503,IN50c2e82ddd503,proton,0,User,2022-10-17,2022-10-19,User
330,ACEI50c2e82ddd501,IN50c2e82ddd501,hotmail,1,User,2022-04-20,2022-04-27,User
331,ACEI50c2e82ddd501,IN50c2e82ddd501,hotmail,1,User,2022-04-20,2022-04-27,User
332,ACEI50c2e82ddd501,IN50c2e82ddd501,hotmail,1,User,2022-04-20,2022-04-27,User
333,ACEI50c2e82ddd501,IN50c2e82ddd501,hotmail,1,User,2022-04-20,2022-04-27,User
334,ACEI50c2e82ddd501,IN50c2e82ddd501,hotmail,1,User,2022-04-20,2022-04-27,User
335,ACEI50c2e82ddd502,IN50c2e82ddd502,aol,0,User,2021-06-24,2021-07-02,User
336,ACEI50c2e82ddd503,IN50c2e82ddd503,proton,0,User,2022-10-17,2022-10-19,User
337,ACEI50c2e82ddd500,IN50c2e82ddd500,hotmail,0,User,2022-10-26,2022-11-01,User
338,ACEI50c2e82ddd500,IN50c2e82ddd500,hotmail,0,User,2022-10-26,2022-11-01,User
339,ACEI50c2e82ddd501,IN50c2e82ddd501,hotmail,1,User,2022-04-20,2022-04-27,User
340,ACEI50c2e82ddd500,IN50c2e82ddd500,hotmail,0,User,2022-10-26,2022-11-01,User
341,ACEI50c2e82ddd502,IN50c2e82ddd502,aol,0,User,2021-06-24,2021-07-02,User
342,ACEI50c2e82ddd502,IN50c2e82ddd502,aol,0,User,2021-06-24,2021-07-02,User
343,ACEI50c2e82ddd503,IN50c2e82ddd503,proton,0,User,2022-10-17,2022-10-19,User
344,ACEI50c2e82ddd503,IN50c2e82ddd503,proton,0,User,2022-10-17,2022-10-19,User
345,ACEI50c2e82ddd503,IN50c2e82ddd503,proton,0,User,2022-10-17,2022-10-19,User
346,ACEI50c2e82ddd502,IN50c2e82ddd502,aol,0,User,2021-06-24,2021-07-02,User
347,ACEI50c2e82ddd502,IN50c2e82ddd502,aol,0,User,2021-06-24,2021-07-02,User
348,ACEI50c2e82ddd502,IN50c2e82ddd502,aol,0,User,2021-06-24,2021-07-02,User
349,ACEI50c2e82ddd503,IN50c2e82ddd503,proton,0,User,2022-10-17,2022-10-19,User
350,ACEI50c2e82ddd502,IN50c2e82ddd502,aol,0,User,2021-06-24,2021-07-02,User
351,ACEI50c2e82ddd503,IN50c2e82ddd503,proton,0,User,2022-10-17,2022-10-19,User
352,ACEI50c2e82ddd501,IN50c2e82ddd501,hotmail,1,User,2022-04-20,2022-04-27,User
353,ACEI50c2e82ddd502,IN50c2e82ddd502,aol,0,User,2021-06-24,2021-07-02,User
354,ACEI50c2e82ddd503,IN50c2e82ddd503,proton,0,User,2022-10-17,2022-10-19,User
355,ACEI50c2e82ddd503,IN50c2e82ddd503,proton,0,User,2022-10-17,2022-10-19,User
356,ACEI50c2e82ddd502,IN50c2e82ddd502,aol,0,User,2021-06-24,2021-07-02,User
357,ACEI50c2e82ddd500,IN50c2e82ddd500,hotmail,0,User,2022-10-26,2022-11-01,User
358,ACEI50c2e82ddd502,IN50c2e82ddd502,aol,0,User,2021-06-24,2021-07-02,User
359,ACEI50c2e82ddd501,IN50c2e82ddd501,hotmail,1,User,2022-04-20,2022-04-27,User
360,ACEI50c2e82ddd503,IN50c2e82ddd503,proton,0,User,2022-10-17,2022-10-19,User
361,ACEI50c2e82ddd502,IN50c2e82ddd502,aol,0,User,2021-06-24,2021-07-02,User
362,ACEI50c2e82ddd500,IN50c2e82ddd500,hotmail,0,User,2022-10-26,2022-11-01,User
363,ACEI50c2e82ddd503,IN50c2e82ddd503,proton,0,User,2022-10-17,2022-10-19,User
364,ACEI50c2e82ddd503,IN50c2e82ddd503,proton,0,User,2022-10-17,2022-10-19,User
365,ACEI50c2e82ddd502,IN50c2e82ddd502,aol,0,User,2021-06-24,2021-07-02,User
366,ACEI50c2e82ddd502,IN50c2e82ddd502,aol,0,User,2021-06-24,2021-07-02,User
367,ACEI50c2e82ddd502,IN50c2e82ddd502,aol,0,User,2021-06-24,2021-07-02,User
368,ACEI50c2e82ddd501,IN50c2e82ddd501,hotmail,1,User,2022-04-20,2022-04-27,User
369,ACEI50c2e82ddd503,IN50c2e82ddd503,proton,0,User,2022-10-17,2022-10-19,User
370,ACEI50c2e82ddd501,IN50c2e82ddd501,hotmail,1,User,2022-04-20,2022-04-27,User
371,ACEI50c2e82ddd501,IN50c2e82ddd501,hotmail,1,User,2022-04-20,2022-04-27,User
372,ACEI50c2e82ddd500,IN50c2e82ddd500,hotmail,0,User,2022-10-26,2022-11-01,User
373,ACEI50c2e82ddd502,IN50c2e82ddd502,aol,0,User,2021-06-24,2021-07-02,User
374,ACEI50c2e82ddd501,IN50c2e82ddd501,hotmail,1,User,2022-04-20,2022-04-27,User
375,ACEI50c2e82ddd501,IN50c2e82ddd501,hotmail,1,User,2022-04-20,2022-04-27,User
376,ACEI50c2e82ddd500,IN50c2e82ddd500,hotmail,0,User,2022-10-26,2022-11-01,User
377,ACEI50c2e82ddd503,IN50c2e82ddd503,proton,0,User,2022-10-17,2022-10-19,User
378,ACEI50c2e82ddd503,IN50c2e82ddd503,proton,0,User,2022-10-17,2022-10-19,User
379,ACEI50c2e82ddd500,IN50c2e82ddd500,hotmail,0,User,2022-10-26,2022-11-01,User
380,ACEI50c2e82ddd500,IN50c2e82ddd500,hotmail,0,User,2022-10-26,2022-11-01,User
381,ACEI50c2e82ddd500,IN50c2e82ddd500,hotmail,0,User,2022-10-26,2022-11-01,User
382,ACEI50c2e82ddd500,IN50c2e82ddd500,hotmail,0,User,2022-10-26,2022-11-01,User
383,ACEI50c2e82ddd500,IN50c2e82ddd500,hotmail,0,User,2022-10-26,2022-11-01,User
384,ACEI50c2e82ddd501,IN50c2e82ddd501,hotmail,1,User,2022-04-20,2022-04-27,User
385,ACEI50c2e82ddd501,IN50c2e82ddd501,hotmail,1,User,2022-04-20,2022-04-27,User
386,ACEI50c2e82ddd501,IN50c2e82ddd501,hotmail,1,User,2022-04-20,2022-04-27,User
387,ACEI50c2e82ddd501,IN50c2e82ddd501,hotmail,1,User,2022-04-20,2022-04-27,User
388,ACEI50c2e82ddd503,IN50c2e82ddd503,proton,0,User,2022-10-17,2022-10-19,User
389,ACEI50c2e82ddd503,IN50c2e82ddd503,proton,0,User,2022-10-17,2022-10-19,User
390,ACEI50c2e82ddd501,IN50c2e82ddd501,hotmail,1,User,2022-04-20,2022-04-27,User
391,ACEI50c2e82ddd503,IN50c2e82ddd503,proton,0,User,2022-10-17,2022-10-19,User
392,ACEI50c2e82ddd503,IN50c2e82ddd503,proton,0,User,2022-10-17,2022-10-19,User
393,ACEI50c2e82ddd500,IN50c2e82ddd500,hotmail,0,User,2022-10-26,2022-11-01,User
394,ACEI50c2e82ddd500,IN50c2e82ddd500,hotmail,0,User,2022-10-26,2022-11-01,User
395,ACEI50c2e82ddd500,IN50c2e82ddd500,hotmail,0,User,2022-10-26,2022-11-01,User
396,ACEI50c2e82ddd500,IN50c2e82ddd500,hotmail,0,User,2022-10-26,2022-11-01,User
397,ACEI50c2e82ddd503,IN50c2e82ddd503,proton,0,User,2022-10-17,2022-10-19,User
398,ACEI50c2e82ddd501,IN50c2e82ddd501,hotmail,1,User,2022-04-20,2022-04-27,User
399,ACEI50c2e82ddd502,IN50c2e82ddd502,aol,0,User,2021-06-24,2021-07-02,User
400,ACEI50c2e82ddd501,IN50c2e82ddd501,hotmail,1,User,2022-04-20,2022-04-27,User
401,ACEI50c2e82ddd501,IN50c2e82ddd501,hotmail,1,User,2022-04-20,2022-04-27,User
402,ACEI50c2e82ddd501,IN50c2e82ddd501,hotmail,1,User,2022-04-20,2022-04-27,User
403,ACEI50c2e82ddd500,IN50c2e82ddd500,hotmail,0,User,2022-10-26,2022-11-01,User
404,ACEI50c2e82ddd503,IN50c2e82ddd503,proton,0,User,2022-10-17,2022-10-19,User
405,ACEI50c2e82ddd501,IN50c2e82ddd501,hotmail,1,User,2022-04-20,2022-04-27,User
406,ACEI50c2e82ddd503,IN50c2e82ddd503,proton,0,User,2022-10-17,2022-10-19,User
407,ACEI50c2e82ddd500,IN50c2e82ddd500,hotmail,0,User,2022-10-26,2022-11-01,User
408,ACEI50c2e82ddd501,IN50c2e82ddd501,hotmail,1,User,2022-04-20,2022-04-27,User
409,ACEI50c2e82ddd502,IN50c2e82ddd502,aol,0,User,2021-06-24,2021-07-02,User
410,ACEI50c2e82ddd502,IN50c2e82ddd502,aol,0,User,2021-06-24,2021-07-02,User
411,ACEI50c2e82ddd503,IN50c2e82ddd503,proton,0,User,2022-10-17,2022-10-19,User
412,ACEI50c2e82ddd501,IN50c2e82ddd501,hotmail,1,User,2022-04-20,2022-04-27,User
413,ACEI50c2e82ddd502,IN50c2e82ddd502,aol,0,User,2021-06-24,2021-07-02,User
414,ACEI50c2e82ddd502,IN50c2e82ddd502,aol,0,User,2021-06-24,2021-07-02,User
415,ACEI50c2e82ddd502,IN50c2e82ddd502,aol,0,User,2021-06-24,2021-07-02,User
416,ACEI50c2e82ddd501,IN50c2e82ddd501,hotmail,1,User,2022-04-20,2022-04-27,User
417,ACEI50c2e82ddd501,IN50c2e82ddd501,hotmail,1,User,2022-04-20,2022-04-27,User
418,ACEI50c2e82ddd501,IN50c2e82ddd501,hotmail,1,User,2022-04-20,2022-04-27,User
419,ACEI50c2e82ddd502,IN50c2e82ddd502,aol,0,User,2021-06-24,2021-07-02,User
420,ACEI50c2e82ddd500,IN50c2e82ddd500,hotmail,0,User,2022-10-26,2022-11-01,User
421,ACEI50c2e82ddd503,IN50c2e82ddd503,proton,0,User,2022-10-17,2022-10-19,User
422,ACEI50c2e82ddd500,IN50c2e82ddd500,hotmail,0,User,2022-10-26,2022-11-01,User
423,ACEI50c2e82ddd501,IN50c2e82ddd501,hotmail,1,User,2022-04-20,2022-04-27,User
424,ACEI50c2e82ddd500,IN50c2e82ddd500,hotmail,0,User,2022-10-26,2022-11-01,User
425,ACEI50c2e82ddd501,IN50c2e82ddd501,hotmail,1,User,2022-04-20,2022-04-27,User
426,ACEI50c2e82ddd503,IN50c2e82ddd503,proton,0,User,2022-10-17,2022-10-19,User
427,ACEI50c2e82ddd501,IN50c2e82ddd501,hotmail,1,User,2022-04-20,2022-04-27,User
428,ACEI50c2e82ddd503,IN50c2e82ddd503,proton,0,User,2022-10-17,2022-10-19,User
429,ACEI50c2e82ddd501,IN50c2e82ddd501,hotmail,1,User,2022-04-20,2022-04-27,User
430,ACEI50c2e82ddd501,IN50c2e82ddd501,hotmail,1,User,2022-04-20,2022-04-27,User
431,ACEI50c2e82ddd502,IN50c2e82ddd502,aol,0,User,2021-06-24,2021-07-02,User
432,ACEI50c2e82ddd500,IN50c2e82ddd500,hotmail,0,User,2022-10-26,2022-11-01,User
433,ACEI50c2e82ddd500,IN50c2e82ddd500,hotmail,0,User,2022-10-26,2022-11-01,User
434,ACEI50c2e82ddd503,IN50c2e82ddd503,proton,0,User,2022-10-17,2022-10-19,User
435,ACEI50c2e82ddd500,IN50c2e82ddd500,hotmail,0,User,2022-10-26,2022-11-01,User
436,ACEI50c2e82ddd503,IN50c2e82ddd503,proton,0,User,2022-10-17,2022-10-19,User
437,ACEI50c2e82ddd500,IN50c2e82ddd500,hotmail,0,User,2022-10-26,2022-11-01,User
438,ACEI50c2e82ddd500,IN50c2e82ddd500,hotmail,0,User,2022-10-26,2022-11-01,User
439,ACEI50c2e82ddd502,IN50c2e82ddd502,aol,0,User,2021-06-24,2021-07-02,User
440,ACEI50c2e82ddd503,IN50c2e82ddd503,proton,0,User,2022-10-17,2022-10-19,User
441,ACEI50c2e82ddd501,IN50c2e82ddd501,hotmail,1,User,2022-04-20,2022-04-27,User
442,ACEI50c2e82ddd503,IN50c2e82ddd503,proton,0,User,2022-10-17,2022-10-19,User
443,ACEI50c2e82ddd502,IN50c2e82ddd502,aol,0,User,2021-06-24,2021-07-02,User
444,ACEI50c2e82ddd500,IN50c2e82ddd500,hotmail,0,User,2022-10-26,2022-11-01,User
445,ACEI50c2e82ddd502,IN50c2e82ddd502,aol,0,User,2021-06-24,2021-07-02,User
446,ACEI50c2e82ddd502,IN50c2e82ddd502,aol,0,User,2021-06-24,2021-07-02,User
447,ACEI50c2e82ddd502,IN50c2e82ddd502,aol,0,User,2021-06-24,2021-07-02,User
448,ACEI50c2e82ddd502,IN50c2e82ddd502,aol,0,User,2021-06-24,2021-07-02,User
449,ACEI50c2e82ddd500,IN50c2e82ddd500,hotmail,0,User,2022-10-26,2022-11-01,User
450,ACEI50c2e82ddd502,IN50c2e82ddd502,aol,0,User,2021-06-24,2021-07-02,User
451,ACEI50c2e82ddd502,IN50c2e82ddd502,aol,0,User,2021-06-24,2021-07-02,User
452,ACEI50c2e82ddd502,IN50c2e82ddd502,aol,0,User,2021-06-24,2021-07-02,User
453,ACEI50c2e82ddd500,IN50c2e82ddd500,hotmail,0,User,2022-10-26,2022-11-01,User
454,ACEI50c2e82ddd500,IN50c2e82ddd500,hotmail,0,User,2022-10-26,2022-11-01,User
455,ACEI50c2e82ddd501,IN50c2e82ddd501,hotmail,1,User,2022-04-20,2022-04-27,User
456,ACEI50c2e82ddd503,IN50c2e82ddd503,proton,0,User,2022-10-17,2022-10-19,User
457,ACEI50c2e82ddd503,IN50c2e82ddd503,proton,0,User,2022-10-17,2022-10-19,User
458,ACEI50c2e82ddd501,IN50c2e82ddd501,hotmail,1,User,2022-04-20,2022-04-27,User
459,ACEI50c2e82ddd500,IN50c2e82ddd500,hotmail,0,User,2022-10-26,2022-11-01,User
460,ACEI50c2e82ddd503,IN50c2e82ddd503,proton,0,User,2022-10-17,2022-10-19,User
461,ACEI50c2e82ddd501,IN50c2e82ddd501,hotmail,1,User,2022-04-20,2022-04-27,User
462,ACEI50c2e82ddd500,IN50c2e82ddd500,hotmail,0,User,2022-10-26,2022-11-01,User
463,ACEI50c2e82ddd502,IN50c2e82ddd502,aol,0,User,2021-06-24,2021-07-02,User
464,ACEI50c2e82ddd503,IN50c2e82ddd503,proton,0,User,2022-10-17,2022-10-19,User
465,ACEI50c2e82ddd502,IN50c2e82ddd502,aol,0,User,2021-06-24,2021-07-02,User
466,ACEI50c2e82ddd501,IN50c2e82ddd501,hotmail,1,User,2022-04-20,2022-04-27,User
467,ACEI50c2e82ddd502,IN50c2e82ddd502,aol,0,User,2021-06-24,2021-07-02,User
468,ACEI50c2e82ddd503,IN50c2e82ddd503,proton,0,User,2022-10-17,2022-10-19,User
469,ACEI50c2e82ddd500,IN50c2e82ddd500,hotmail,0,User,2022-10-26,2022-11-01,User
470,ACEI50c2e82ddd503,IN50c2e82ddd503,proton,0,User,2022-10-17,2022-10-19,User
471,ACEI50c2e82ddd500,IN50c2e82ddd500,hotmail,0,User,2022-10-26,2022-11-01,User
472,ACEI50c2e82ddd503,IN50c2e82ddd503,proton,0,User,2022-10-17,2022-10-19,User
473,ACEI50c2e82ddd500,IN50c2e82ddd500,hotmail,0,User,2022-10-26,2022-11-01,User
474,ACEI50c2e82ddd501,IN50c2e82ddd501,hotmail,1,User,2022-04-20,2022-04-27,User
475,ACEI50c2e82ddd502,IN50c2e82ddd502,aol,0,User,2021-06-24,2021-07-02,User
476,ACEI50c2e82ddd500,IN50c2e82ddd500,hotmail,0,User,2022-10-26,2022-11-01,User
477,ACEI50c2e82ddd502,IN50c2e82ddd502,aol,0,User,2021-06-24,2021-07-02,User
478,ACEI50c2e82ddd501,IN50c2e82ddd501,hotmail,1,User,2022-04-20,2022-04-27,User
479,ACEI50c2e82ddd503,IN50c2e82ddd503,proton,0,User,2022-10-17,2022-10-19,User
480,ACEI50c2e82ddd501,IN50c2e82ddd501,hotmail,1,User,2022-04-20,2022-04-27,User
481,ACEI50c2e82ddd502,IN50c2e82ddd502,aol,0,User,2021-06-24,2021-07-02,User
482,ACEI50c2e82ddd502,IN50c2e82ddd502,aol,0,User,2021-06-24,2021-07-02,User
483,ACEI50c2e82ddd500,IN50c2e82ddd500,hotmail,0,User,2022-10-26,2022-11-01,User
484,ACEI50c2e82ddd500,IN50c2e82ddd500,hotmail,0,User,2022-10-26,2022-11-01,User
485,ACEI50c2e82ddd502,IN50c2e82ddd502,aol,0,User,2021-06-24,2021-07-02,User
486,ACEI50c2e82ddd503,IN50c2e82ddd503,proton,0,User,2022-10-17,2022-10-19,User
487,ACEI50c2e82ddd501,IN50c2e82ddd501,hotmail,1,User,2022-04-20,2022-04-27,User
488,ACEI50c2e82ddd501,IN50c2e82ddd501,hotmail,1,User,2022-04-20,2022-04-27,User
489,ACEI50c2e82ddd502,IN50c2e82ddd502,aol,0,User,2021-06-24,2021-07-02,User
490,ACEI50c2e82ddd500,IN50c2e82ddd500,hotmail,0,User,2022-10-26,2022-11-01,User
491,ACEI50c2e82ddd501,IN50c2e82ddd501,hotmail,1,User,2022-04-20,2022-04-27,User
492,ACEI50c2e82ddd501,IN50c2e82ddd501,hotmail,1,User,2022-04-20,2022-04-27,User
493,ACEI50c2e82ddd503,IN50c2e82ddd503,proton,0,User,2022-10-17,2022-10-19,User
494,ACEI50c2e82ddd501,IN50c2e82ddd501,hotmail,1,User,2022-04-20,2022-04-27,User
495,ACEI50c2e82ddd501,IN50c2e82ddd501,hotmail,1,User,2022-04-20,2022-04-27,User
496,ACEI50c2e82ddd500,IN50c2e82ddd500,hotmail,0,User,2022-10-26,2022-11-01,User
497,ACEI50c2e82ddd503,IN50c2e82ddd503,proton,0,User,2022-10-17,2022-10-19,User
498,ACEI50c2e82ddd502,IN50c2e82ddd502,aol,0,User,2021-06-24,2021-07-02,User
499,ACEI50c2e82ddd500,IN50c2e82ddd500,hotmail,0,User,2022-10-26,2022-11-01,User
500,ACEI50c2e82ddd503,IN50c2e82ddd503,proton,0,User,2022-10-17,2022-10-19,User
501,ACEI50c2e82ddd501,IN50c2e82ddd501,hotmail,1,User,2022-04-20,2022-04-27,User
502,ACEI50c2e82ddd502,IN50c2e82ddd502,aol,0,User,2021-06-24,2021-07-02,User
503,ACEI50c2e82ddd500,IN50c2e82ddd500,hotmail,0,User,2022-10-26,2022-11-01,User
504,ACEI50c2e82ddd501,IN50c2e82ddd501,hotmail,1,User,2022-04-20,2022-04-27,User
505,ACEI50c2e82ddd501,IN50c2e82ddd501,hotmail,1,User,2022-04-20,2022-04-27,User
506,ACEI50c2e82ddd502,IN50c2e82ddd502,aol,0,User,2021-06-24,2021-07-02,User
507,ACEI50c2e82ddd501,IN50c2e82ddd501,hotmail,1,User,2022-04-20,2022-04-27,User
508,ACEI50c2e82ddd501,IN50c2e82ddd501,hotmail,1,User,2022-04-20,2022-04-27,User
509,ACEI50c2e82ddd502,IN50c2e82ddd502,aol,0,User,2021-06-24,2021-07-02,User
510,ACEI50c2e82ddd501,IN50c2e82ddd501,hotmail,1,User,2022-04-20,2022-04-27,User
511,ACEI50c2e82ddd500,IN50c2e82ddd500,hotmail,0,User,2022-10-26,2022-11-01,User
512,ACEI50c2e82ddd503,IN50c2e82ddd503,proton,0,User,2022-10-17,2022-10-19,User
513,ACEI50c2e82ddd501,IN50c2e82ddd501,hotmail,1,User,2022-04-20,2022-04-27,User
514,ACEI50c2e82ddd503,IN50c2e82ddd503,proton,0,User,2022-10-17,2022-10-19,User
515,ACEI50c2e82ddd503,IN50c2e82ddd503,proton,0,User,2022-10-17,2022-10-19,User
516,ACEI50c2e82ddd503,IN50c2e82ddd503,proton,0,User,2022-10-17,2022-10-19,User
517,ACEI50c2e82ddd500,IN50c2e82ddd500,hotmail,0,User,2022-10-26,2022-11-01,User
518,ACEI50c2e82ddd502,IN50c2e82ddd502,aol,0,User,2021-06-24,2021-07-02,User
519,ACEI50c2e82ddd503,IN50c2e82ddd503,proton,0,User,2022-10-17,2022-10-19,User
520,ACEI50c2e82ddd501,IN50c2e82ddd501,hotmail,1,User,2022-04-20,2022-04-27,User
521,ACEI50c2e82ddd501,IN50c2e82ddd501,hotmail,1,User,2022-04-20,2022-04-27,User
522,ACEI50c2e82ddd501,IN50c2e82ddd501,hotmail,1,User,2022-04-20,2022-04-27,User
523,ACEI50c2e82ddd501,IN50c2e82ddd501,hotmail,1,User,2022-04-20,2022-04-27,User
524,ACEI50c2e82ddd502,IN50c2e82ddd502,aol,0,User,2021-06-24,2021-07-02,User
525,ACEI50c2e82ddd501,IN50c2e82ddd501,hotmail,1,User,2022-04-20,2022-04-27,User
526,ACEI50c2e82ddd500,IN50c2e82ddd500,hotmail,0,User,2022-10-26,2022-11-01,User
527,ACEI50c2e82ddd502,IN50c2e82ddd502,aol,0,User,2021-06-24,2021-07-02,User
528,ACEI50c2e82ddd501,IN50c2e82ddd501,hotmail,1,User,2022-04-20,2022-04-27,User
529,ACEI50c2e82ddd502,IN50c2e82ddd502,aol,0,User,2021-06-24,2021-07-02,User
530,ACEI50c2e82ddd502,IN50c2e82ddd502,aol,0,User,2021-06-24,2021-07-02,User
531,ACEI50c2e82ddd501,IN50c2e82ddd501,hotmail,1,User,2022-04-20,2022-04-27,User
532,ACEI50c2e82ddd503,IN50c2e82ddd503,proton,0,User,2022-10-17,2022-10-19,User
533,ACEI50c2e82ddd500,IN50c2e82ddd500,hotmail,0,User,2022-10-26,2022-11-01,User
534,ACEI50c2e82ddd503,IN50c2e82ddd503,proton,0,User,2022-10-17,2022-10-19,User
535,ACEI50c2e82ddd501,IN50c2e82ddd501,hotmail,1,User,2022-04-20,2022-04-27,User
536,ACEI50c2e82ddd501,IN50c2e82ddd501,hotmail,1,User,2022-04-20,2022-04-27,User
537,ACEI50c2e82ddd503,IN50c2e82ddd503,proton,0,User,2022-10-17,2022-10-19,User
538,ACEI50c2e82ddd503,IN50c2e82ddd503,proton,0,User,2022-10-17,2022-10-19,User
539,ACEI50c2e82ddd500,IN50c2e82ddd500,hotmail,0,User,2022-10-26,2022-11-01,User
540,ACEI50c2e82ddd500,IN50c2e82ddd500,hotmail,0,User,2022-10-26,2022-11-01,User
541,ACEI50c2e82ddd503,IN50c2e82ddd503,proton,0,User,2022-10-17,2022-10-19,User
542,ACEI50c2e82ddd500,IN50c2e82ddd500,hotmail,0,User,2022-10-26,2022-11-01,User
543,ACEI50c2e82ddd503,IN50c2e82ddd503,proton,0,User,2022-10-17,2022-10-19,User
544,ACEI50c2e82ddd503,IN50c2e82ddd503,proton,0,User,2022-10-17,2022-10-19,User
545,ACEI50c2e82ddd502,IN50c2e82ddd502,aol,0,User,2021-06-24,2021-07-02,User
546,ACEI50c2e82ddd500,IN50c2e82ddd500,hotmail,0,User,2022-10-26,2022-11-01,User
547,ACEI50c2e82ddd501,IN50c2e82ddd501,hotmail,1,User,2022-04-20,2022-04-27,User
548,ACEI50c2e82ddd501,IN50c2e82ddd501,hotmail,1,User,2022-04-20,2022-04-27,User
549,ACEI50c2e82ddd501,IN50c2e82ddd501,hotmail,1,User,2022-04-20,2022-04-27,User
550,ACEI50c2e82ddd501,IN50c2e82ddd501,hotmail,1,User,2022-04-20,2022-04-27,User
551,ACEI50c2e82ddd502,IN50c2e82ddd502,aol,0,User,2021-06-24,2021-07-02,User
552,ACEI50c2e82ddd502,IN50c2e82ddd502,aol,0,User,2021-06-24,2021-07-02,User
553,ACEI50c2e82ddd503,IN50c2e82ddd503,proton,0,User,2022-10-17,2022-10-19,User
554,ACEI50c2e82ddd500,IN50c2e82ddd500,hotmail,0,User,2022-10-26,2022-11-01,User
555,ACEI50c2e82ddd501,IN50c2e82ddd501,hotmail,1,User,2022-04-20,2022-04-27,User
556,ACEI50c2e82ddd501,IN50c2e82ddd501,hotmail,1,User,2022-04-20,2022-04-27,User
557,ACEI50c2e82ddd500,IN50c2e82ddd500,hotmail,0,User,2022-10-26,2022-11-01,User
558,ACEI50c2e82ddd502,IN50c2e82ddd502,aol,0,User,2021-06-24,2021-07-02,User
559,ACEI50c2e82ddd501,IN50c2e82ddd501,hotmail,1,User,2022-04-20,2022-04-27,User
560,ACEI50c2e82ddd502,IN50c2e82ddd502,aol,0,User,2021-06-24,2021-07-02,User
561,ACEI50c2e82ddd502,IN50c2e82ddd502,aol,0,User,2021-06-24,2021-07-02,User
562,ACEI50c2e82ddd501,IN50c2e82ddd501,hotmail,1,User,2022-04-20,2022-04-27,User
563,ACEI50c2e82ddd500,IN50c2e82ddd500,hotmail,0,User,2022-10-26,2022-11-01,User
564,ACEI50c2e82ddd500,IN50c2e82ddd500,hotmail,0,User,2022-10-26,2022-11-01,User
565,ACEI50c2e82ddd503,IN50c2e82ddd503,proton,0,User,2022-10-17,2022-10-19,User
566,ACEI50c2e82ddd502,IN50c2e82ddd502,aol,0,User,2021-06-24,2021-07-02,User
567,ACEI50c2e82ddd503,IN50c2e82ddd503,proton,0,User,2022-10-17,2022-10-19,User
568,ACEI50c2e82ddd501,IN50c2e82ddd501,hotmail,1,User,2022-04-20,2022-04-27,User
569,ACEI50c2e82ddd500,IN50c2e82ddd500,hotmail,0,User,2022-10-26,2022-11-01,User
570,ACEI50c2e82ddd502,IN50c2e82ddd502,aol,0,User,2021-06-24,2021-07-02,User
571,ACEI50c2e82ddd500,IN50c2e82ddd500,hotmail,0,User,2022-10-26,2022-11-01,User
572,ACEI50c2e82ddd500,IN50c2e82ddd500,hotmail,0,User,2022-10-26,2022-11-01,User
573,ACEI50c2e82ddd500,IN50c2e82ddd500,hotmail,0,User,2022-10-26,2022-11-01,User
574,ACEI50c2e82ddd502,IN50c2e82ddd502,aol,0,User,2021-06-24,2021-07-02,User
575,ACEI50c2e82ddd502,IN50c2e82ddd502,aol,0,User,2021-06-24,2021-07-02,User
576,ACEI50c2e82ddd500,IN50c2e82ddd500,hotmail,0,User,2022-10-26,2022-11-01,User
577,ACEI50c2e82ddd500,IN50c2e82ddd500,hotmail,0,User,2022-10-26,2022-11-01,User
578,ACEI50c2e82ddd501,IN50c2e82ddd501,hotmail,1,User,2022-04-20,2022-04-27,User
579,ACEI50c2e82ddd500,IN50c2e82ddd500,hotmail,0,User,2022-10-26,2022-11-01,User
580,ACEI50c2e82ddd500,IN50c2e82ddd500,hotmail,0,User,2022-10-26,2022-11-01,User
581,ACEI50c2e82ddd503,IN50c2e82ddd503,proton,0,User,2022-10-17,2022-10-19,User
582,ACEI50c2e82ddd503,IN50c2e82ddd503,proton,0,User,2022-10-17,2022-10-19,User
583,ACEI50c2e82ddd503,IN50c2e82ddd503,proton,0,User,2022-10-17,2022-10-19,User
584,ACEI50c2e82ddd500,IN50c2e82ddd500,hotmail,0,User,2022-10-26,2022-11-01,User
585,ACEI50c2e82ddd503,IN50c2e82ddd503,proton,0,User,2022-10-17,2022-10-19,User
586,ACEI50c2e82ddd503,IN50c2e82ddd503,proton,0,User,2022-10-17,2022-10-19,User
587,ACEI50c2e82ddd500,IN50c2e82ddd500,hotmail,0,User,2022-10-26,2022-11-01,User
588,ACEI50c2e82ddd503,IN50c2e82ddd503,proton,0,User,2022-10-17,2022-10-19,User
589,ACEI50c2e82ddd503,IN50c2e82ddd503,proton,0,User,2022-10-17,2022-10-19,User
590,ACEI50c2e82ddd502,IN50c2e82ddd502,aol,0,User,2021-06-24,2021-07-02,User
591,ACEI50c2e82ddd501,IN50c2e82ddd501,hotmail,1,User,2022-04-20,2022-04-27,User
592,ACEI50c2e82ddd501,IN50c2e82ddd501,hotmail,1,User,2022-04-20,2022-04-27,User
593,ACEI50c2e82ddd503,IN50c2e82ddd503,proton,0,User,2022-10-17,2022-10-19,User
594,ACEI50c2e82ddd500,IN50c2e82ddd500,hotmail,0,User,2022-10-26,2022-11-01,User
595,ACEI50c2e82ddd501,IN50c2e82ddd501,hotmail,1,User,2022-04-20,2022-04-27,User
596,ACEI50c2e82ddd502,IN50c2e82ddd502,aol,0,User,2021-06-24,2021-07-02,User
597,ACEI50c2e82ddd503,IN50c2e82ddd503,proton,0,User,2022-10-17,2022-10-19,User
598,ACEI50c2e82ddd501,IN50c2e82ddd501,hotmail,1,User,2022-04-20,2022-04-27,User
599,ACEI50c2e82ddd500,IN50c2e82ddd500,hotmail,0,User,2022-10-26,2022-11-01,User
600,ACEI50c2e82ddd501,IN50c2e82ddd501,hotmail,1,User,2022-04-20,2022-04-27,User
601,ACEI50c2e82ddd503,IN50c2e82ddd503,proton,0,User,2022-10-17,2022-10-19,User
602,ACEI50c2e82ddd502,IN50c2e82ddd502,aol,0,User,2021-06-24,2021-07-02,User
603,ACEI50c2e82ddd500,IN50c2e82ddd500,hotmail,0,User,2022-10-26,2022-11-01,User
604,ACEI50c2e82ddd501,IN50c2e82ddd501,hotmail,1,User,2022-04-20,2022-04-27,User
605,ACEI50c2e82ddd500,IN50c2e82ddd500,hotmail,0,User,2022-10-26,2022-11-01,User
606,ACEI50c2e82ddd501,IN50c2e82ddd501,hotmail,1,User,2022-04-20,2022-04-27,User
607,ACEI50c2e82ddd500,IN50c2e82ddd500,hotmail,0,User,2022-10-26,2022-11-01,User
608,ACEI50c2e82ddd502,IN50c2e82ddd502,aol,0,User,2021-06-24,2021-07-02,User
609,ACEI50c2e82ddd502,IN50c2e82ddd502,aol,0,User,2021-06-24,2021-07-02,User
610,ACEI50c2e82ddd503,IN50c2e82ddd503,proton,0,User,2022-10-17,2022-10-19,User
611,ACEI50c2e82ddd500,IN50c2e82ddd500,hotmail,0,User,2022-10-26,2022-11-01,User
612,ACEI50c2e82ddd501,IN50c2e82ddd501,hotmail,1,User,2022-04-20,2022-04-27,User
613,ACEI50c2e82ddd500,IN50c2e82ddd500,hotmail,0,User,2022-10-26,2022-11-01,User
614,ACEI50c2e82ddd500,IN50c2e82ddd500,hotmail,0,User,2022-10-26,2022-11-01,User
615,ACEI50c2e82ddd502,IN50c2e82ddd502,aol,0,User,2021-06-24,2021-07-02,User
616,ACEI50c2e82ddd502,IN50c2e82ddd502,aol,0,User,2021-06-24,2021-07-02,User
617,ACEI50c2e82ddd501,IN50c2e82ddd501,hotmail,1,User,2022-04-20,2022-04-27,User
618,ACEI50c2e82ddd502,IN50c2e82ddd502,aol,0,User,2021-06-24,2021-07-02,User
619,ACEI50c2e82ddd503,IN50c2e82ddd503,proton,0,User,2022-10-17,2022-10-19,User
620,ACEI50c2e82ddd500,IN50c2e82ddd500,hotmail,0,User,2022-10-26,2022-11-01,User
621,ACEI50c2e82ddd501,IN50c2e82ddd501,hotmail,1,User,2022-04-20,2022-04-27,User
622,ACEI50c2e82ddd502,IN50c2e82ddd502,aol,0,User,2021-06-24,2021-07-02,User
623,ACEI50c2e82ddd501,IN50c2e82ddd501,hotmail,1,User,2022-04-20,2022-04-27,User
624,ACEI50c2e82ddd501,IN50c2e82ddd501,hotmail,1,User,2022-04-20,2022-04-27,User
625,ACEI50c2e82ddd500,IN50c2e82ddd500,hotmail,0,User,2022-10-26,2022-11-01,User
626,ACEI50c2e82ddd503,IN50c2e82ddd503,proton,0,User,2022-10-17,2022-10-19,User
627,ACEI50c2e82ddd503,IN50c2e82ddd503,proton,0,User,2022-10-17,2022-10-19,User
628,ACEI50c2e82ddd501,IN50c2e82ddd501,hotmail,1,User,2022-04-20,2022-04-27,User
629,ACEI50c2e82ddd502,IN50c2e82ddd502,aol,0,User,2021-06-24,2021-07-02,User
630,ACEI50c2e82ddd501,IN50c2e82ddd501,hotmail,1,User,2022-04-20,2022-04-27,User
631,ACEI50c2e82ddd502,IN50c2e82ddd502,aol,0,User,2021-06-24,2021-07-02,User
632,ACEI50c2e82ddd501,IN50c2e82ddd501,hotmail,1,User,2022-04-20,2022-04-27,User
633,ACEI50c2e82ddd500,IN50c2e82ddd500,hotmail,0,User,2022-10-26,2022-11-01,User
634,ACEI50c2e82ddd503,IN50c2e82ddd503,proton,0,User,2022-10-17,2022-10-19,User
635,ACEI50c2e82ddd500,IN50c2e82ddd500,hotmail,0,User,2022-10-26,2022-11-01,User
636,ACEI50c2e82ddd500,IN50c2e82ddd500,hotmail,0,User,2022-10-26,2022-11-01,User
637,ACEI50c2e82ddd502,IN50c2e82ddd502,aol,0,User,2021-06-24,2021-07-02,User
638,ACEI50c2e82ddd502,IN50c2e82ddd502,aol,0,User,2021-06-24,2021-07-02,User
639,ACEI50c2e82ddd501,IN50c2e82ddd501,hotmail,1,User,2022-04-20,2022-04-27,User
640,ACEI50c2e82ddd500,IN50c2e82ddd500,hotmail,0,User,2022-10-26,2022-11-01,User
641,ACEI50c2e82ddd503,IN50c2e82ddd503,proton,0,User,2022-10-17,2022-10-19,User
642,ACEI50c2e82ddd502,IN50c2e82ddd502,aol,0,User,2021-06-24,2021-07-02,User
643,ACEI50c2e82ddd502,IN50c2e82ddd502,aol,0,User,2021-06-24,2021-07-02,User
644,ACEI50c2e82ddd503,IN50c2e82ddd503,proton,0,User,2022-10-17,2022-10-19,User
645,ACEI50c2e82ddd503,IN50c2e82ddd503,proton,0,User,2022-10-17,2022-10-19,User
646,ACEI50c2e82ddd501,IN50c2e82ddd501,hotmail,1,User,2022-04-20,2022-04-27,User
647,ACEI50c2e82ddd500,IN50c2e82ddd500,hotmail,0,User,2022-10-26,2022-11-01,User
648,ACEI50c2e82ddd500,IN50c2e82ddd500,hotmail,0,User,2022-10-26,2022-11-01,User
649,ACEI50c2e82ddd500,IN50c2e82ddd500,hotmail,0,User,2022-10-26,2022-11-01,User
650,ACEI50c2e82ddd500,IN50c2e82ddd500,hotmail,0,User,2022-10-26,2022-11-01,User
651,ACEI50c2e82ddd500,IN50c2e82ddd500,hotmail,0,User,2022-10-26,2022-11-01,User
652,ACEI50c2e82ddd502,IN50c2e82ddd502,aol,0,User,2021-06-24,2021-07-02,User
653,ACEI50c2e82ddd503,IN50c2e82ddd503,proton,0,User,2022-10-17,2022-10-19,User
654,ACEI50c2e82ddd500,IN50c2e82ddd500,hotmail,0,User,2022-10-26,2022-11-01,User
655,ACEI50c2e82ddd500,IN50c2e82ddd500,hotmail,0,User,2022-10-26,2022-11-01,User
656,ACEI50c2e82ddd501,IN50c2e82ddd501,hotmail,1,User,2022-04-20,2022-04-27,User
657,ACEI50c2e82ddd500,IN50c2e82ddd500,hotmail,0,User,2022-10-26,2022-11-01,User
658,ACEI50c2e82ddd500,IN50c2e82ddd500,hotmail,0,User,2022-10-26,2022-11-01,User
659,ACEI50c2e82ddd501,IN50c2e82ddd501,hotmail,1,User,2022-04-20,2022-04-27,User
660,ACEI50c2e82ddd501,IN50c2e82ddd501,hotmail,1,User,2022-04-20,2022-04-27,User
661,ACEI50c2e82ddd500,IN50c2e82ddd500,hotmail,0,User,2022-10-26,2022-11-01,User
662,ACEI50c2e82ddd503,IN50c2e82ddd503,proton,0,User,2022-10-17,2022-10-19,User
663,ACEI50c2e82ddd503,IN50c2e82ddd503,proton,0,User,2022-10-17,2022-10-19,User
664,ACEI50c2e82ddd502,IN50c2e82ddd502,aol,0,User,2021-06-24,2021-07-02,User
665,ACEI50c2e82ddd500,IN50c2e82ddd500,hotmail,0,User,2022-10-26,2022-11-01,User
666,ACEI50c2e82ddd502,IN50c2e82ddd502,aol,0,User,2021-06-24,2021-07-02,User
667,ACEI50c2e82ddd501,IN50c2e82ddd501,hotmail,1,User,2022-04-20,2022-04-27,User
668,ACEI50c2e82ddd500,IN50c2e82ddd500,hotmail,0,User,2022-10-26,2022-11-01,User
669,ACEI50c2e82ddd500,IN50c2e82ddd500,hotmail,0,User,2022-10-26,2022-11-01,User
670,ACEI50c2e82ddd501,IN50c2e82ddd501,hotmail,1,User,2022-04-20,2022-04-27,User
671,ACEI50c2e82ddd502,IN50c2e82ddd502,aol,0,User,2021-06-24,2021-07-02,User
672,ACEI50c2e82ddd501,IN50c2e82ddd501,hotmail,1,User,2022-04-20,2022-04-27,User
673,ACEI50c2e82ddd502,IN50c2e82ddd502,aol,0,User,2021-06-24,2021-07-02,User
674,ACEI50c2e82ddd500,IN50c2e82ddd500,hotmail,0,User,2022-10-26,2022-11-01,User
675,ACEI50c2e82ddd503,IN50c2e82ddd503,proton,0,User,2022-10-17,2022-10-19,User
676,ACEI50c2e82ddd502,IN50c2e82ddd502,aol,0,User,2021-06-24,2021-07-02,User
677,ACEI50c2e82ddd503,IN50c2e82ddd503,proton,0,User,2022-10-17,2022-10-19,User
678,ACEI50c2e82ddd503,IN50c2e82ddd503,proton,0,User,2022-10-17,2022-10-19,User
679,ACEI50c2e82ddd502,IN50c2e82ddd502,aol,0,User,2021-06-24,2021-07-02,User
680,ACEI50c2e82ddd503,IN50c2e82ddd503,proton,0,User,2022-10-17,2022-10-19,User
681,ACEI50c2e82ddd500,IN50c2e82ddd500,hotmail,0,User,2022-10-26,2022-11-01,User
682,ACEI50c2e82ddd503,IN50c2e82ddd503,proton,0,User,2022-10-17,2022-10-19,User
683,ACEI50c2e82ddd500,IN50c2e82ddd500,hotmail,0,User,2022-10-26,2022-11-01,User
684,ACEI50c2e82ddd500,IN50c2e82ddd500,hotmail,0,User,2022-10-26,2022-11-01,User
685,ACEI50c2e82ddd503,IN50c2e82ddd503,proton,0,User,2022-10-17,2022-10-19,User
686,ACEI50c2e82ddd501,IN50c2e82ddd501,hotmail,1,User,2022-04-20,2022-04-27,User
687,ACEI50c2e82ddd502,IN50c2e82ddd502,aol,0,User,2021-06-24,2021-07-02,User
688,ACEI50c2e82ddd500,IN50c2e82ddd500,hotmail,0,User,2022-10-26,2022-11-01,User
689,ACEI50c2e82ddd502,IN50c2e82ddd502,aol,0,User,2021-06-24,2021-07-02,User
690,ACEI50c2e82ddd500,IN50c2e82ddd500,hotmail,0,User,2022-10-26,2022-11-01,User
691,ACEI50c2e82ddd501,IN50c2e82ddd501,hotmail,1,User,2022-04-20,2022-04-27,User
692,ACEI50c2e82ddd501,IN50c2e82ddd501,hotmail,1,User,2022-04-20,2022-04-27,User
693,ACEI50c2e82ddd502,IN50c2e82ddd502,aol,0,User,2021-06-24,2021-07-02,User
694,ACEI50c2e82ddd500,IN50c2e82ddd500,hotmail,0,User,2022-10-26,2022-11-01,User
695,ACEI50c2e82ddd502,IN50c2e82ddd502,aol,0,User,2021-06-24,2021-07-02,User
696,ACEI50c2e82ddd503,IN50c2e82ddd503,proton,0,User,2022-10-17,2022-10-19,User
697,ACEI50c2e82ddd503,IN50c2e82ddd503,proton,0,User,2022-10-17,2022-10-19,User
698,ACEI50c2e82ddd502,IN50c2e82ddd502,aol,0,User,2021-06-24,2021-07-02,User
699,ACEI50c2e82ddd501,IN50c2e82ddd501,hotmail,1,User,2022-04-20,2022-04-27,User
700,ACEI50c2e82ddd502,IN50c2e82ddd502,aol,0,User,2021-06-24,2021-07-02,User
701,ACEI50c2e82ddd503,IN50c2e82ddd503,proton,0,User,2022-10-17,2022-10-19,User
702,ACEI50c2e82ddd500,IN50c2e82ddd500,hotmail,0,User,2022-10-26,2022-11-01,User
703,ACEI50c2e82ddd500,IN50c2e82ddd500,hotmail,0,User,2022-10-26,2022-11-01,User
704,ACEI50c2e82ddd501,IN50c2e82ddd501,hotmail,1,User,2022-04-20,2022-04-27,User
705,ACEI50c2e82ddd502,IN50c2e82ddd502,aol,0,User,2021-06-24,2021-07-02,User
706,ACEI50c2e82ddd503,IN50c2e82ddd503,proton,0,User,2022-10-17,2022-10-19,User
707,ACEI50c2e82ddd503,IN50c2e82ddd503,proton,0,User,2022-10-17,2022-10-19,User
708,ACEI50c2e82ddd501,IN50c2e82ddd501,hotmail,1,User,2022-04-20,2022-04-27,User
709,ACEI50c2e82ddd501,IN50c2e82ddd501,hotmail,1,User,2022-04-20,2022-04-27,User
710,ACEI50c2e82ddd502,IN50c2e82ddd502,aol,0,User,2021-06-24,2021-07-02,User
711,ACEI50c2e82ddd500,IN50c2e82ddd500,hotmail,0,User,2022-10-26,2022-11-01,User
712,ACEI50c2e82ddd501,IN50c2e82ddd501,hotmail,1,User,2022-04-20,2022-04-27,User
713,ACEI50c2e82ddd502,IN50c2e82ddd502,aol,0,User,2021-06-24,2021-07-02,User
714,ACEI50c2e82ddd500,IN50c2e82ddd500,hotmail,0,User,2022-10-26,2022-11-01,User
715,ACEI50c2e82ddd500,IN50c2e82ddd500,hotmail,0,User,2022-10-26,2022-11-01,User
716,ACEI50c2e82ddd500,IN50c2e82ddd500,hotmail,0,User,2022-10-26,2022-11-01,User
717,ACEI50c2e82ddd503,IN50c2e82ddd503,proton,0,User,2022-10-17,2022-10-19,User
718,ACEI50c2e82ddd503,IN50c2e82ddd503,proton,0,User,2022-10-17,2022-10-19,User
719,ACEI50c2e82ddd502,IN50c2e82ddd502,aol,0,User,2021-06-24,2021-07-02,User
720,ACEI50c2e82ddd500,IN50c2e82ddd500,hotmail,0,User,2022-10-26,2022-11-01,User
721,ACEI50c2e82ddd501,IN50c2e82ddd501,hotmail,1,User,2022-04-20,2022-04-27,User
722,ACEI50c2e82ddd500,IN50c2e82ddd500,hotmail,0,User,2022-10-26,2022-11-01,User
723,ACEI50c2e82ddd500,IN50c2e82ddd500,hotmail,0,User,2022-10-26,2022-11-01,User
724,ACEI50c2e82ddd503,IN50c2e82ddd503,proton,0,User,2022-10-17,2022-10-19,User
725,ACEI50c2e82ddd503,IN50c2e82ddd503,proton,0,User,2022-10-17,2022-10-19,User
726,ACEI50c2e82ddd501,IN50c2e82ddd501,hotmail,1,User,2022-04-20,2022-04-27,User
727,ACEI50c2e82ddd503,IN50c2e82ddd503,proton,0,User,2022-10-17,2022-10-19,User
728,ACEI50c2e82ddd503,IN50c2e82ddd503,proton,0,User,2022-10-17,2022-10-19,User
729,ACEI50c2e82ddd501,IN50c2e82ddd501,hotmail,1,User,2022-04-20,2022-04-27,User
730,ACEI50c2e82ddd502,IN50c2e82ddd502,aol,0,User,2021-06-24,2021-07-02,User
731,ACEI50c2e82ddd503,IN50c2e82ddd503,proton,0,User,2022-10-17,2022-10-19,User
732,ACEI50c2e82ddd502,IN50c2e82ddd502,aol,0,User,2021-06-24,2021-07-02,User
733,ACEI50c2e82ddd503,IN50c2e82ddd503,proton,0,User,2022-10-17,2022-10-19,User
734,ACEI50c2e82ddd501,IN50c2e82ddd501,hotmail,1,User,2022-04-20,2022-04-27,User
735,ACEI50c2e82ddd500,IN50c2e82ddd500,hotmail,0,User,2022-10-26,2022-11-01,User
736,ACEI50c2e82ddd500,IN50c2e82ddd500,hotmail,0,User,2022-10-26,2022-11-01,User
737,ACEI50c2e82ddd500,IN50c2e82ddd500,hotmail,0,User,2022-10-26,2022-11-01,User
738,ACEI50c2e82ddd500,IN50c2e82ddd500,hotmail,0,User,2022-10-26,2022-11-01,User
739,ACEI50c2e82ddd503,IN50c2e82ddd503,proton,0,User,2022-10-17,2022-10-19,User
740,ACEI50c2e82ddd501,IN50c2e82ddd501,hotmail,1,User,2022-04-20,2022-04-27,User
741,ACEI50c2e82ddd503,IN50c2e82ddd503,proton,0,User,2022-10-17,2022-10-19,User
742,ACEI50c2e82ddd501,IN50c2e82ddd501,hotmail,1,User,2022-04-20,2022-04-27,User
743,ACEI50c2e82ddd502,IN50c2e82ddd502,aol,0,User,2021-06-24,2021-07-02,User
744,ACEI50c2e82ddd501,IN50c2e82ddd501,hotmail,1,User,2022-04-20,2022-04-27,User
745,ACEI50c2e82ddd503,IN50c2e82ddd503,proton,0,User,2022-10-17,2022-10-19,User
746,ACEI50c2e82ddd500,IN50c2e82ddd500,hotmail,0,User,2022-10-26,2022-11-01,User
747,ACEI50c2e82ddd503,IN50c2e82ddd503,proton,0,User,2022-10-17,2022-10-19,User
748,ACEI50c2e82ddd500,IN50c2e82ddd500,hotmail,0,User,2022-10-26,2022-11-01,User
749,ACEI50c2e82ddd503,IN50c2e82ddd503,proton,0,User,2022-10-17,2022-10-19,User
750,ACEI50c2e82ddd500,IN50c2e82ddd500,hotmail,0,User,2022-10-26,2022-11-01,User
751,ACEI50c2e82ddd500,IN50c2e82ddd500,hotmail,0,User,2022-10-26,2022-11-01,User
752,ACEI50c2e82ddd503,IN50c2e82ddd503,proton,0,User,2022-10-17,2022-10-19,User
753,ACEI50c2e82ddd502,IN50c2e82ddd502,aol,0,User,2021-06-24,2021-07-02,User
754,ACEI50c2e82ddd503,IN50c2e82ddd503,proton,0,User,2022-10-17,2022-10-19,User
755,ACEI50c2e82ddd503,IN50c2e82ddd503,proton,0,User,2022-10-17,2022-10-19,User
756,ACEI50c2e82ddd501,IN50c2e82ddd501,hotmail,1,User,2022-04-20,2022-04-27,User
757,ACEI50c2e82ddd502,IN50c2e82ddd502,aol,0,User,2021-06-24,2021-07-02,User
758,ACEI50c2e82ddd500,IN50c2e82ddd500,hotmail,0,User,2022-10-26,2022-11-01,User
759,ACEI50c2e82ddd503,IN50c2e82ddd503,proton,0,User,2022-10-17,2022-10-19,User
760,ACEI50c2e82ddd502,IN50c2e82ddd502,aol,0,User,2021-06-24,2021-07-02,User
761,ACEI50c2e82ddd503,IN50c2e82ddd503,proton,0,User,2022-10-17,2022-10-19,User
762,ACEI50c2e82ddd503,IN50c2e82ddd503,proton,0,User,2022-10-17,2022-10-19,User
763,ACEI50c2e82ddd502,IN50c2e82ddd502,aol,0,User,2021-06-24,2021-07-02,User
764,ACEI50c2e82ddd502,IN50c2e82ddd502,aol,0,User,2021-06-24,2021-07-02,User
765,ACEI50c2e82ddd501,IN50c2e82ddd501,hotmail,1,User,2022-04-20,2022-04-27,User
766,ACEI50c2e82ddd500,IN50c2e82ddd500,hotmail,0,User,2022-10-26,2022-11-01,User
767,ACEI50c2e82ddd503,IN50c2e82ddd503,proton,0,User,2022-10-17,2022-10-19,User
768,ACEI50c2e82ddd503,IN50c2e82ddd503,proton,0,User,2022-10-17,2022-10-19,User
769,ACEI50c2e82ddd500,IN50c2e82ddd500,hotmail,0,User,2022-10-26,2022-11-01,User
770,ACEI50c2e82ddd500,IN50c2e82ddd500,hotmail,0,User,2022-10-26,2022-11-01,User
771,ACEI50c2e82ddd503,IN50c2e82ddd503,proton,0,User,2022-10-17,2022-10-19,User
772,ACEI50c2e82ddd501,IN50c2e82ddd501,hotmail,1,User,2022-04-20,2022-04-27,User
773,ACEI50c2e82ddd501,IN50c2e82ddd501,hotmail,1,User,2022-04-20,2022-04-27,User
774,ACEI50c2e82ddd500,IN50c2e82ddd500,hotmail,0,User,2022-10-26,2022-11-01,User
775,ACEI50c2e82ddd501,IN50c2e82ddd501,hotmail,1,User,2022-04-20,2022-04-27,User
776,ACEI50c2e82ddd502,IN50c2e82ddd502,aol,0,User,2021-06-24,2021-07-02,User
777,ACEI50c2e82ddd503,IN50c2e82ddd503,proton,0,User,2022-10-17,2022-10-19,User
778,ACEI50c2e82ddd503,IN50c2e82ddd503,proton,0,User,2022-10-17,2022-10-19,User
779,ACEI50c2e82ddd502,IN50c2e82ddd502,aol,0,User,2021-06-24,2021-07-02,User
780,ACEI50c2e82ddd500,IN50c2e82ddd500,hotmail,0,User,2022-10-26,2022-11-01,User
781,ACEI50c2e82ddd502,IN50c2e82ddd502,aol,0,User,2021-06-24,2021-07-02,User
782,ACEI50c2e82ddd500,IN50c2e82ddd500,hotmail,0,User,2022-10-26,2022-11-01,User
783,ACEI50c2e82ddd500,IN50c2e82ddd500,hotmail,0,User,2022-10-26,2022-11-01,User
784,ACEI50c2e82ddd503,IN50c2e82ddd503,proton,0,User,2022-10-17,2022-10-19,User
785,ACEI50c2e82ddd501,IN50c2e82ddd501,hotmail,1,User,2022-04-20,2022-04-27,User
786,ACEI50c2e82ddd502,IN50c2e82ddd502,aol,0,User,2021-06-24,2021-07-02,User
787,ACEI50c2e82ddd503,IN50c2e82ddd503,proton,0,User,2022-10-17,2022-10-19,User
788,ACEI50c2e82ddd500,IN50c2e82ddd500,hotmail,0,User,2022-10-26,2022-11-01,User
789,ACEI50c2e82ddd502,IN50c2e82ddd502,aol,0,User,2021-06-24,2021-07-02,User
790,ACEI50c2e82ddd500,IN50c2e82ddd500,hotmail,0,User,2022-10-26,2022-11-01,User
791,ACEI50c2e82ddd501,IN50c2e82ddd501,hotmail,1,User,2022-04-20,2022-04-27,User
792,ACEI50c2e82ddd501,IN50c2e82ddd501,hotmail,1,User,2022-04-20,2022-04-27,User
793,ACEI50c2e82ddd502,IN50c2e82ddd502,aol,0,User,2021-06-24,2021-07-02,User
794,ACEI50c2e82ddd503,IN50c2e82ddd503,proton,0,User,2022-10-17,2022-10-19,User
795,ACEI50c2e82ddd503,IN50c2e82ddd503,proton,0,User,2022-10-17,2022-10-19,User
796,ACEI50c2e82ddd503,IN50c2e82ddd503,proton,0,User,2022-10-17,2022-10-19,User
797,ACEI50c2e82ddd502,IN50c2e82ddd502,aol,0,User,2021-06-24,2021-07-02,User
798,ACEI50c2e82ddd500,IN50c2e82ddd500,hotmail,0,User,2022-10-26,2022-11-01,User
799,ACEI50c2e82ddd500,IN50c2e82ddd500,hotmail,0,User,2022-10-26,2022-11-01,User
800,ACEI50c2e82ddd502,IN50c2e82ddd502,aol,0,User,2021-06-24,2021-07-02,User
801,ACEI50c2e82ddd503,IN50c2e82ddd503,proton,0,User,2022-10-17,2022-10-19,User
802,ACEI50c2e82ddd502,IN50c2e82ddd502,aol,0,User,2021-06-24,2021-07-02,User
803,ACEI50c2e82ddd503,IN50c2e82ddd503,proton,0,User,2022-10-17,2022-10-19,User
804,ACEI50c2e82ddd501,IN50c2e82ddd501,hotmail,1,User,2022-04-20,2022-04-27,User
805,ACEI50c2e82ddd503,IN50c2e82ddd503,proton,0,User,2022-10-17,2022-10-19,User
806,ACEI50c2e82ddd503,IN50c2e82ddd503,proton,0,User,2022-10-17,2022-10-19,User
807,ACEI50c2e82ddd500,IN50c2e82ddd500,hotmail,0,User,2022-10-26,2022-11-01,User
808,ACEI50c2e82ddd502,IN50c2e82ddd502,aol,0,User,2021-06-24,2021-07-02,User
809,ACEI50c2e82ddd501,IN50c2e82ddd501,hotmail,1,User,2022-04-20,2022-04-27,User
810,ACEI50c2e82ddd501,IN50c2e82ddd501,hotmail,1,User,2022-04-20,2022-04-27,User
811,ACEI50c2e82ddd503,IN50c2e82ddd503,proton,0,User,2022-10-17,2022-10-19,User
812,ACEI50c2e82ddd502,IN50c2e82ddd502,aol,0,User,2021-06-24,2021-07-02,User
813,ACEI50c2e82ddd501,IN50c2e82ddd501,hotmail,1,User,2022-04-20,2022-04-27,User
814,ACEI50c2e82ddd500,IN50c2e82ddd500,hotmail,0,User,2022-10-26,2022-11-01,User
815,ACEI50c2e82ddd503,IN50c2e82ddd503,proton,0,User,2022-10-17,2022-10-19,User
816,ACEI50c2e82ddd501,IN50c2e82ddd501,hotmail,1,User,2022-04-20,2022-04-27,User
817,ACEI50c2e82ddd503,IN50c2e82ddd503,proton,0,User,2022-10-17,2022-10-19,User
818,ACEI50c2e82ddd500,IN50c2e82ddd500,hotmail,0,User,2022-10-26,2022-11-01,User
819,ACEI50c2e82ddd500,IN50c2e82ddd500,hotmail,0,User,2022-10-26,2022-11-01,User
820,ACEI50c2e82ddd501,IN50c2e82ddd501,hotmail,1,User,2022-04-20,2022-04-27,User
821,ACEI50c2e82ddd503,IN50c2e82ddd503,proton,0,User,2022-10-17,2022-10-19,User
822,ACEI50c2e82ddd501,IN50c2e82ddd501,hotmail,1,User,2022-04-20,2022-04-27,User
823,ACEI50c2e82ddd503,IN50c2e82ddd503,proton,0,User,2022-10-17,2022-10-19,User
824,ACEI50c2e82ddd503,IN50c2e82ddd503,proton,0,User,2022-10-17,2022-10-19,User
825,ACEI50c2e82ddd503,IN50c2e82ddd503,proton,0,User,2022-10-17,2022-10-19,User
826,ACEI50c2e82ddd500,IN50c2e82ddd500,hotmail,0,User,2022-10-26,2022-11-01,User
827,ACEI50c2e82ddd502,IN50c2e82ddd502,aol,0,User,2021-06-24,2021-07-02,User
828,ACEI50c2e82ddd501,IN50c2e82ddd501,hotmail,1,User,2022-04-20,2022-04-27,User
829,ACEI50c2e82ddd501,IN50c2e82ddd501,hotmail,1,User,2022-04-20,2022-04-27,User
830,ACEI50c2e82ddd502,IN50c2e82ddd502,aol,0,User,2021-06-24,2021-07-02,User
831,ACEI50c2e82ddd500,IN50c2e82ddd500,hotmail,0,User,2022-10-26,2022-11-01,User
832,ACEI50c2e82ddd502,IN50c2e82ddd502,aol,0,User,2021-06-24,2021-07-02,User
833,ACEI50c2e82ddd503,IN50c2e82ddd503,proton,0,User,2022-10-17,2022-10-19,User
834,ACEI50c2e82ddd501,IN50c2e82ddd501,hotmail,1,User,2022-04-20,2022-04-27,User
835,ACEI50c2e82ddd502,IN50c2e82ddd502,aol,0,User,2021-06-24,2021-07-02,User
836,ACEI50c2e82ddd501,IN50c2e82ddd501,hotmail,1,User,2022-04-20,2022-04-27,User
837,ACEI50c2e82ddd503,IN50c2e82ddd503,proton,0,User,2022-10-17,2022-10-19,User
838,ACEI50c2e82ddd503,IN50c2e82ddd503,proton,0,User,2022-10-17,2022-10-19,User
839,ACEI50c2e82ddd502,IN50c2e82ddd502,aol,0,User,2021-06-24,2021-07-02,User
840,ACEI50c2e82ddd503,IN50c2e82ddd503,proton,0,User,2022-10-17,2022-10-19,User
841,ACEI50c2e82ddd500,IN50c2e82ddd500,hotmail,0,User,2022-10-26,2022-11-01,User
842,ACEI50c2e82ddd503,IN50c2e82ddd503,proton,0,User,2022-10-17,2022-10-19,User
843,ACEI50c2e82ddd500,IN50c2e82ddd500,hotmail,0,User,2022-10-26,2022-11-01,User
844,ACEI50c2e82ddd501,IN50c2e82ddd501,hotmail,1,User,2022-04-20,2022-04-27,User
845,ACEI50c2e82ddd500,IN50c2e82ddd500,hotmail,0,User,2022-10-26,2022-11-01,User
846,ACEI50c2e82ddd503,IN50c2e82ddd503,proton,0,User,2022-10-17,2022-10-19,User
847,ACEI50c2e82ddd503,IN50c2e82ddd503,proton,0,User,2022-10-17,2022-10-19,User
848,ACEI50c2e82ddd501,IN50c2e82ddd501,hotmail,1,User,2022-04-20,2022-04-27,User
849,ACEI50c2e82ddd501,IN50c2e82ddd501,hotmail,1,User,2022-04-20,2022-04-27,User
850,ACEI50c2e82ddd500,IN50c2e82ddd500,hotmail,0,User,2022-10-26,2022-11-01,User
851,ACEI50c2e82ddd501,IN50c2e82ddd501,hotmail,1,User,2022-04-20,2022-04-27,User
852,ACEI50c2e82ddd501,IN50c2e82ddd501,hotmail,1,User,2022-04-20,2022-04-27,User
853,ACEI50c2e82ddd503,IN50c2e82ddd503,proton,0,User,2022-10-17,2022-10-19,User
854,ACEI50c2e82ddd500,IN50c2e82ddd500,hotmail,0,User,2022-10-26,2022-11-01,User
855,ACEI50c2e82ddd503,IN50c2e82ddd503,proton,0,User,2022-10-17,2022-10-19,User
856,ACEI50c2e82ddd502,IN50c2e82ddd502,aol,0,User,2021-06-24,2021-07-02,User
857,ACEI50c2e82ddd500,IN50c2e82ddd500,hotmail,0,User,2022-10-26,2022-11-01,User
858,ACEI50c2e82ddd503,IN50c2e82ddd503,proton,0,User,2022-10-17,2022-10-19,User
859,ACEI50c2e82ddd501,IN50c2e82ddd501,hotmail,1,User,2022-04-20,2022-04-27,User
860,ACEI50c2e82ddd502,IN50c2e82ddd502,aol,0,User,2021-06-24,2021-07-02,User
861,ACEI50c2e82ddd501,IN50c2e82ddd501,hotmail,1,User,2022-04-20,2022-04-27,User
862,ACEI50c2e82ddd502,IN50c2e82ddd502,aol,0,User,2021-06-24,2021-07-02,User
863,ACEI50c2e82ddd501,IN50c2e82ddd501,hotmail,1,User,2022-04-20,2022-04-27,User
864,ACEI50c2e82ddd501,IN50c2e82ddd501,hotmail,1,User,2022-04-20,2022-04-27,User
865,ACEI50c2e82ddd502,IN50c2e82ddd502,aol,0,User,2021-06-24,2021-07-02,User
866,ACEI50c2e82ddd503,IN50c2e82ddd503,proton,0,User,2022-10-17,2022-10-19,User
867,ACEI50c2e82ddd503,IN50c2e82ddd503,proton,0,User,2022-10-17,2022-10-19,User
868,ACEI50c2e82ddd503,IN50c2e82ddd503,proton,0,User,2022-10-17,2022-10-19,User
869,ACEI50c2e82ddd502,IN50c2e82ddd502,aol,0,User,2021-06-24,2021-07-02,User
870,ACEI50c2e82ddd500,IN50c2e82ddd500,hotmail,0,User,2022-10-26,2022-11-01,User
871,ACEI50c2e82ddd503,IN50c2e82ddd503,proton,0,User,2022-10-17,2022-10-19,User
872,ACEI50c2e82ddd501,IN50c2e82ddd501,hotmail,1,User,2022-04-20,2022-04-27,User
873,ACEI50c2e82ddd503,IN50c2e82ddd503,proton,0,User,2022-10-17,2022-10-19,User
874,ACEI50c2e82ddd503,IN50c2e82ddd503,proton,0,User,2022-10-17,2022-10-19,User
875,ACEI50c2e82ddd501,IN50c2e82ddd501,hotmail,1,User,2022-04-20,2022-04-27,User
876,ACEI50c2e82ddd501,IN50c2e82ddd501,hotmail,1,User,2022-04-20,2022-04-27,User
877,ACEI50c2e82ddd500,IN50c2e82ddd500,hotmail,0,User,2022-10-26,2022-11-01,User
878,ACEI50c2e82ddd501,IN50c2e82ddd501,hotmail,1,User,2022-04-20,2022-04-27,User
879,ACEI50c2e82ddd502,IN50c2e82ddd502,aol,0,User,2021-06-24,2021-07-02,User
880,ACEI50c2e82ddd501,IN50c2e82ddd501,hotmail,1,User,2022-04-20,2022-04-27,User
881,ACEI50c2e82ddd500,IN50c2e82ddd500,hotmail,0,User,2022-10-26,2022-11-01,User
882,ACEI50c2e82ddd502,IN50c2e82ddd502,aol,0,User,2021-06-24,2021-07-02,User
883,ACEI50c2e82ddd500,IN50c2e82ddd500,hotmail,0,User,2022-10-26,2022-11-01,User
884,ACEI50c2e82ddd502,IN50c2e82ddd502,aol,0,User,2021-06-24,2021-07-02,User
885,ACEI50c2e82ddd503,IN50c2e82ddd503,proton,0,User,2022-10-17,2022-10-19,User
886,ACEI50c2e82ddd501,IN50c2e82ddd501,hotmail,1,User,2022-04-20,2022-04-27,User
887,ACEI50c2e82ddd503,IN50c2e82ddd503,proton,0,User,2022-10-17,2022-10-19,User
888,ACEI50c2e82ddd502,IN50c2e82ddd502,aol,0,User,2021-06-24,2021-07-02,User
889,ACEI50c2e82ddd500,IN50c2e82ddd500,hotmail,0,User,2022-10-26,2022-11-01,User
890,ACEI50c2e82ddd503,IN50c2e82ddd503,proton,0,User,2022-10-17,2022-10-19,User
891,ACEI50c2e82ddd500,IN50c2e82ddd500,hotmail,0,User,2022-10-26,2022-11-01,User
892,ACEI50c2e82ddd500,IN50c2e82ddd500,hotmail,0,User,2022-10-26,2022-11-01,User
893,ACEI50c2e82ddd501,IN50c2e82ddd501,hotmail,1,User,2022-04-20,2022-04-27,User
894,ACEI50c2e82ddd503,IN50c2e82ddd503,proton,0,User,2022-10-17,2022-10-19,User
895,ACEI50c2e82ddd502,IN50c2e82ddd502,aol,0,User,2021-06-24,2021-07-02,User
896,ACEI50c2e82ddd502,IN50c2e82ddd502,aol,0,User,2021-06-24,2021-07-02,User
897,ACEI50c2e82ddd502,IN50c2e82ddd502,aol,0,User,2021-06-24,2021-07-02,User
898,ACEI50c2e82ddd501,IN50c2e82ddd501,hotmail,1,User,2022-04-20,2022-04-27,User
899,ACEI50c2e82ddd501,IN50c2e82ddd501,hotmail,1,User,2022-04-20,2022-04-27,User
900,ACEI50c2e82ddd502,IN50c2e82ddd502,aol,0,User,2021-06-24,2021-07-02,User
901,ACEI50c2e82ddd501,IN50c2e82ddd501,hotmail,1,User,2022-04-20,2022-04-27,User
902,ACEI50c2e82ddd502,IN50c2e82ddd502,aol,0,User,2021-06-24,2021-07-02,User
903,ACEI50c2e82ddd503,IN50c2e82ddd503,proton,0,User,2022-10-17,2022-10-19,User
904,ACEI50c2e82ddd501,IN50c2e82ddd501,hotmail,1,User,2022-04-20,2022-04-27,User
905,ACEI50c2e82ddd502,IN50c2e82ddd502,aol,0,User,2021-06-24,2021-07-02,User
906,ACEI50c2e82ddd500,IN50c2e82ddd500,hotmail,0,User,2022-10-26,2022-11-01,User
907,ACEI50c2e82ddd503,IN50c2e82ddd503,proton,0,User,2022-10-17,2022-10-19,User
908,ACEI50c2e82ddd500,IN50c2e82ddd500,hotmail,0,User,2022-10-26,2022-11-01,User
909,ACEI50c2e82ddd503,IN50c2e82ddd503,proton,0,User,2022-10-17,2022-10-19,User
910,ACEI50c2e82ddd500,IN50c2e82ddd500,hotmail,0,User,2022-10-26,2022-11-01,User
911,ACEI50c2e82ddd500,IN50c2e82ddd500,hotmail,0,User,2022-10-26,2022-11-01,User
912,ACEI50c2e82ddd502,IN50c2e82ddd502,aol,0,User,2021-06-24,2021-07-02,User
913,ACEI50c2e82ddd503,IN50c2e82ddd503,proton,0,User,2022-10-17,2022-10-19,User
914,ACEI50c2e82ddd503,IN50c2e82ddd503,proton,0,User,2022-10-17,2022-10-19,User
915,ACEI50c2e82ddd501,IN50c2e82ddd501,hotmail,1,User,2022-04-20,2022-04-27,User
916,ACEI50c2e82ddd502,IN50c2e82ddd502,aol,0,User,2021-06-24,2021-07-02,User
917,ACEI50c2e82ddd503,IN50c2e82ddd503,proton,0,User,2022-10-17,2022-10-19,User
918,ACEI50c2e82ddd500,IN50c2e82ddd500,hotmail,0,User,2022-10-26,2022-11-01,User
919,ACEI50c2e82ddd500,IN50c2e82ddd500,hotmail,0,User,2022-10-26,2022-11-01,User
920,ACEI50c2e82ddd501,IN50c2e82ddd501,hotmail,1,User,2022-04-20,2022-04-27,User
921,ACEI50c2e82ddd501,IN50c2e82ddd501,hotmail,1,User,2022-04-20,2022-04-27,User
922,ACEI50c2e82ddd503,IN50c2e82ddd503,proton,0,User,2022-10-17,2022-10-19,User
923,ACEI50c2e82ddd502,IN50c2e82ddd502,aol,0,User,2021-06-24,2021-07-02,User
924,ACEI50c2e82ddd500,IN50c2e82ddd500,hotmail,0,User,2022-10-26,2022-11-01,User
925,ACEI50c2e82ddd501,IN50c2e82ddd501,hotmail,1,User,2022-04-20,2022-04-27,User
926,ACEI50c2e82ddd502,IN50c2e82ddd502,aol,0,User,2021-06-24,2021-07-02,User
927,ACEI50c2e82ddd502,IN50c2e82ddd502,aol,0,User,2021-06-24,2021-07-02,User
928,ACEI50c2e82ddd500,IN50c2e82ddd500,hotmail,0,User,2022-10-26,2022-11-01,User
929,ACEI50c2e82ddd503,IN50c2e82ddd503,proton,0,User,2022-10-17,2022-10-19,User
930,ACEI50c2e82ddd502,IN50c2e82ddd502,aol,0,User,2021-06-24,2021-07-02,User
931,ACEI50c2e82ddd503,IN50c2e82ddd503,proton,0,User,2022-10-17,2022-10-19,User
932,ACEI50c2e82ddd501,IN50c2e82ddd501,hotmail,1,User,2022-04-20,2022-04-27,User
933,ACEI50c2e82ddd502,IN50c2e82ddd502,aol,0,User,2021-06-24,2021-07-02,User
934,ACEI50c2e82ddd502,IN50c2e82ddd502,aol,0,User,2021-06-24,2021-07-02,User
935,ACEI50c2e82ddd500,IN50c2e82ddd500,hotmail,0,User,2022-10-26,2022-11-01,User
936,ACEI50c2e82ddd500,IN50c2e82ddd500,hotmail,0,User,2022-10-26,2022-11-01,User
937,ACEI50c2e82ddd503,IN50c2e82ddd503,proton,0,User,2022-10-17,2022-10-19,User
938,ACEI50c2e82ddd502,IN50c2e82ddd502,aol,0,User,2021-06-24,2021-07-02,User
939,ACEI50c2e82ddd501,IN50c2e82ddd501,hotmail,1,User,2022-04-20,2022-04-27,User
940,ACEI50c2e82ddd502,IN50c2e82ddd502,aol,0,User,2021-06-24,2021-07-02,User
941,ACEI50c2e82ddd503,IN50c2e82ddd503,proton,0,User,2022-10-17,2022-10-19,User
942,ACEI50c2e82ddd503,IN50c2e82ddd503,proton,0,User,2022-10-17,2022-10-19,User
943,ACEI50c2e82ddd503,IN50c2e82ddd503,proton,0,User,2022-10-17,2022-10-19,User
944,ACEI50c2e82ddd501,IN50c2e82ddd501,hotmail,1,User,2022-04-20,2022-04-27,User
945,ACEI50c2e82ddd502,IN50c2e82ddd502,aol,0,User,2021-06-24,2021-07-02,User
946,ACEI50c2e82ddd500,IN50c2e82ddd500,hotmail,0,User,2022-10-26,2022-11-01,User
947,ACEI50c2e82ddd500,IN50c2e82ddd500,hotmail,0,User,2022-10-26,2022-11-01,User
948,ACEI50c2e82ddd501,IN50c2e82ddd501,hotmail,1,User,2022-04-20,2022-04-27,User
949,ACEI50c2e82ddd503,IN50c2e82ddd503,proton,0,User,2022-10-17,2022-10-19,User
950,ACEI50c2e82ddd501,IN50c2e82ddd501,hotmail,1,User,2022-04-20,2022-04-27,User
951,ACEI50c2e82ddd503,IN50c2e82ddd503,proton,0,User,2022-10-17,2022-10-19,User
952,ACEI50c2e82ddd502,IN50c2e82ddd502,aol,0,User,2021-06-24,2021-07-02,User
953,ACEI50c2e82ddd503,IN50c2e82ddd503,proton,0,User,2022-10-17,2022-10-19,User
954,ACEI50c2e82ddd502,IN50c2e82ddd502,aol,0,User,2021-06-24,2021-07-02,User
955,ACEI50c2e82ddd501,IN50c2e82ddd501,hotmail,1,User,2022-04-20,2022-04-27,User
956,ACEI50c2e82ddd501,IN50c2e82ddd501,hotmail,1,User,2022-04-20,2022-04-27,User
957,ACEI50c2e82ddd502,IN50c2e82ddd502,aol,0,User,2021-06-24,2021-07-02,User
958,ACEI50c2e82ddd500,IN50c2e82ddd500,hotmail,0,User,2022-10-26,2022-11-01,User
959,ACEI50c2e82ddd500,IN50c2e82ddd500,hotmail,0,User,2022-10-26,2022-11-01,User
960,ACEI50c2e82ddd501,IN50c2e82ddd501,hotmail,1,User,2022-04-20,2022-04-27,User
961,ACEI50c2e82ddd500,IN50c2e82ddd500,hotmail,0,User,2022-10-26,2022-11-01,User
962,ACEI50c2e82ddd503,IN50c2e82ddd503,proton,0,User,2022-10-17,2022-10-19,User
963,ACEI50c2e82ddd502,IN50c2e82ddd502,aol,0,User,2021-06-24,2021-07-02,User
964,ACEI50c2e82ddd502,IN50c2e82ddd502,aol,0,User,2021-06-24,2021-07-02,User
965,ACEI50c2e82ddd502,IN50c2e82ddd502,aol,0,User,2021-06-24,2021-07-02,User
966,ACEI50c2e82ddd503,IN50c2e82ddd503,proton,0,User,2022-10-17,2022-10-19,User
967,ACEI50c2e82ddd500,IN50c2e82ddd500,hotmail,0,User,2022-10-26,2022-11-01,User
968,ACEI50c2e82ddd503,IN50c2e82ddd503,proton,0,User,2022-10-17,2022-10-19,User
969,ACEI50c2e82ddd501,IN50c2e82ddd501,hotmail,1,User,2022-04-20,2022-04-27,User
970,ACEI50c2e82ddd503,IN50c2e82ddd503,proton,0,User,2022-10-17,2022-10-19,User
971,ACEI50c2e82ddd503,IN50c2e82ddd503,proton,0,User,2022-10-17,2022-10-19,User
972,ACEI50c2e82ddd501,IN50c2e82ddd501,hotmail,1,User,2022-04-20,2022-04-27,User
973,ACEI50c2e82ddd501,IN50c2e82ddd501,hotmail,1,User,2022-04-20,2022-04-27,User
974,ACEI50c2e82ddd503,IN50c2e82ddd503,proton,0,User,2022-10-17,2022-10-19,User
975,ACEI50c2e82ddd502,IN50c2e82ddd502,aol,0,User,2021-06-24,2021-07-02,User
976,ACEI50c2e82ddd502,IN50c2e82ddd502,aol,0,User,2021-06-24,2021-07-02,User
977,ACEI50c2e82ddd501,IN50c2e82ddd501,hotmail,1,User,2022-04-20,2022-04-27,User
978,ACEI50c2e82ddd501,IN50c2e82ddd501,hotmail,1,User,2022-04-20,2022-04-27,User
979,ACEI50c2e82ddd503,IN50c2e82ddd503,proton,0,User,2022-10-17,2022-10-19,User
980,ACEI50c2e82ddd500,IN50c2e82ddd500,hotmail,0,User,2022-10-26,2022-11-01,User
981,ACEI50c2e82ddd502,IN50c2e82ddd502,aol,0,User,2021-06-24,2021-07-02,User
982,ACEI50c2e82ddd503,IN50c2e82ddd503,proton,0,User,2022-10-17,2022-10-19,User
983,ACEI50c2e82ddd502,IN50c2e82ddd502,aol,0,User,2021-06-24,2021-07-02,User
984,ACEI50c2e82ddd503,IN50c2e82ddd503,proton,0,User,2022-10-17,2022-10-19,User
985,ACEI50c2e82ddd503,IN50c2e82ddd503,proton,0,User,2022-10-17,2022-10-19,User
986,ACEI50c2e82ddd501,IN50c2e82ddd501,hotmail,1,User,2022-04-20,2022-04-27,User
987,ACEI50c2e82ddd500,IN50c2e82ddd500,hotmail,0,User,2022-10-26,2022-11-01,User
988,ACEI50c2e82ddd501,IN50c2e82ddd501,hotmail,1,User,2022-04-20,2022-04-27,User
989,ACEI50c2e82ddd501,IN50c2e82ddd501,hotmail,1,User,2022-04-20,2022-04-27,User
990,ACEI50c2e82ddd503,IN50c2e82ddd503,proton,0,User,2022-10-17,2022-10-19,User
991,ACEI50c2e82ddd503,IN50c2e82ddd503,proton,0,User,2022-10-17,2022-10-19,User
992,ACEI50c2e82ddd502,IN50c2e82ddd502,aol,0,User,2021-06-24,2021-07-02,User
993,ACEI50c2e82ddd502,IN50c2e82ddd502,aol,0,User,2021-06-24,2021-07-02,User
994,ACEI50c2e82ddd502,IN50c2e82ddd502,aol,0,User,2021-06-24,2021-07-02,User
995,ACEI50c2e82ddd503,IN50c2e82ddd503,proton,0,User,2022-10-17,2022-10-19,User
996,ACEI50c2e82ddd501,IN50c2e82ddd501,hotmail,1,User,2022-04-20,2022-04-27,User
997,ACEI50c2e82ddd501,IN50c2e82ddd501,hotmail,1,User,2022-04-20,2022-04-27,User
998,ACEI50c2e82ddd502,IN50c2e82ddd502,aol,0,User,2021-06-24,2021-07-02,User
999,ACEI50c2e82ddd503,IN50c2e82ddd503,proton,0,User,2022-10-17,2022-10-19,User
