,claim_id,claim_status,claim_open_date,claim_close_date,claim_reason,claim_amount,policy_number,beneficiary_id,date_of_loss,amount_claimed,amount_paid
3,C50c2e82ddd503,1.0,2016-06-02,2016-09-30,3.0,653.0,Pdd3e68c23,3.0,2021-01-10,26743.0,26658.0
5,C50c2e82ddd505,1.0,2020-03-25,2020-03-27,5.0,629.0,Pdd3e68c75,5.0,2021-03-03,6204.0,2349.0
6,C50c2e82ddd506,0.0,2014-08-22,2014-10-19,4.0,4281.0,Pdd3e8fd46,6.0,2021-11-06,24137.0,9006.0
7,C50c2e82ddd507,1.0,2019-11-11,2020-01-14,0.0,2431.0,Pdd3e8fd77,7.0,2021-08-28,26690.0,20794.0
9,C50c2e82ddd509,1.0,2013-12-28,2014-05-07,4.0,4727.0,Pdd3eb6e69,9.0,2018-09-18,28304.0,4427.0
10,C50c2e82ddd5010,0.0,2012-10-02,2012-10-24,0.0,1168.0,Pdd3eb6e910,10.0,2022-06-28,35804.0,3426.0
13,C50c2e82ddd5013,1.0,2017-06-05,2017-06-06,1.0,1814.0,Pdd3eddfb13,13.0,2020-05-08,22182.0,6087.0
17,C50c2e82ddd5017,1.0,2022-09-27,2022-10-04,1.0,2185.0,Pdd3f050e17,17.0,2022-02-03,8349.0,5287.0
19,C50c2e82ddd5019,1.0,2018-04-19,2018-05-13,0.0,254.0,Pdd3f2c1e19,19.0,2019-04-12,41442.0,11172.0
22,C50c2e82ddd5022,1.0,2010-10-09,2011-03-10,0.0,2744.0,Pdd3f2c2522,22.0,2016-05-22,9251.0,4459.0
23,C50c2e82ddd5023,0.0,2021-01-12,2021-08-16,3.0,678.0,Pdd3f533123,23.0,2020-12-21,20303.0,5809.0
26,C50c2e82ddd5026,1.0,2015-08-06,2015-10-20,0.0,4773.0,Pdd3f7a4326,26.0,2017-05-05,31534.0,24165.0
27,C50c2e82ddd5027,0.0,2019-07-31,2019-08-06,1.0,299.0,Pdd3f7a4627,27.0,2021-11-16,8983.0,7373.0
30,C50c2e82ddd5030,1.0,2009-07-19,2009-08-09,0.0,2252.0,Pdd3fa15830,30.0,2015-07-25,28259.0,24594.0
31,C50c2e82ddd5031,1.0,2020-10-23,2021-01-22,4.0,3337.0,Pdd3fa15b31,31.0,2020-05-06,11048.0,2817.0
32,C50c2e82ddd5032,0.0,2022-12-05,2023-01-05,0.0,2066.0,Pdd3fc86932,32.0,2022-09-11,6485.0,1430.0
33,C50c2e82ddd5033,0.0,2019-09-18,2019-11-12,3.0,4891.0,Pdd3fc86c33,33.0,2022-02-10,48862.0,45030.0
35,C50c2e82ddd5035,0.0,2012-10-28,2012-11-03,4.0,4978.0,Pdd3fef7d35,35.0,2020-07-16,34942.0,16331.0
36,C50c2e82ddd5036,0.0,2018-11-07,2018-11-14,5.0,2608.0,Pdd3fef8036,36.0,2022-07-08,33791.0,19814.0
37,C50c2e82ddd5037,0.0,2013-01-18,2013-01-26,3.0,3225.0,Pdd3fef8337,37.0,2016-02-04,15673.0,14251.0
38,C50c2e82ddd5038,1.0,2009-09-27,2009-10-24,3.0,1493.0,Pdd40168f38,38.0,2022-08-26,19602.0,14135.0
39,C50c2e82ddd5039,0.0,2021-07-18,2021-07-29,5.0,4666.0,Pdd40169239,39.0,2021-11-15,9788.0,5919.0
40,C50c2e82ddd5040,0.0,2019-11-09,2020-04-25,2.0,2001.0,Pdd403da240,40.0,2022-12-11,29707.0,4314.0
42,C50c2e82ddd5042,1.0,2017-02-02,2017-02-11,2.0,4358.0,Pdd40419c42,42.0,2018-02-20,37964.0,1258.0
43,C50c2e82ddd5043,0.0,2019-07-31,2019-08-19,5.0,2005.0,Pdd40419f43,43.0,2020-11-05,24678.0,23503.0
44,C50c2e82ddd5044,1.0,2022-07-22,2022-11-09,3.0,2506.0,Pdd407c9f44,44.0,2022-09-03,30441.0,14694.0
45,C50c2e82ddd5045,0.0,2017-06-01,2017-07-15,2.0,1995.0,Pdd407ca245,45.0,2021-02-01,15374.0,3740.0
49,C50c2e82ddd5049,1.0,2017-04-09,2017-04-10,3.0,4432.0,Pdd407cab49,49.0,2022-05-10,44921.0,36438.0
50,C50c2e82ddd5050,1.0,2020-11-06,2021-01-07,3.0,4531.0,Pdd40cadd50,50.0,2022-12-28,29626.0,10518.0
51,C50c2e82ddd5051,0.0,2011-06-13,2011-06-26,2.0,2651.0,Pdd40d86f51,51.0,2018-02-01,6428.0,5874.0
52,C50c2e82ddd5052,1.0,2008-07-20,2008-10-01,2.0,2185.0,Pdd40d87252,52.0,2015-11-15,1032.0,600.0
53,C50c2e82ddd5053,1.0,2012-11-22,2013-01-23,2.0,4377.0,Pdd40d87553,53.0,2017-12-09,26075.0,11589.0
55,C50c2e82ddd5055,1.0,2020-01-23,2020-05-26,4.0,2001.0,Pdd40d87a55,55.0,2021-04-07,21645.0,20321.0
56,C50c2e82ddd5056,0.0,2012-10-09,2013-03-15,2.0,3515.0,Pdd40d87d56,56.0,2015-12-06,29107.0,4463.0
57,C50c2e82ddd5057,0.0,2020-08-05,2020-09-11,5.0,1292.0,Pdd40d88057,57.0,2021-03-03,28509.0,23879.0
58,C50c2e82ddd5058,1.0,2022-11-18,2022-12-20,4.0,1570.0,Pdd40d88358,58.0,2022-02-24,2883.0,561.0
62,C50c2e82ddd5062,1.0,2021-02-16,2021-05-25,2.0,3825.0,Pdd40d88c62,62.0,2020-03-17,25970.0,20764.0
63,C50c2e82ddd5063,0.0,2021-08-29,2021-10-02,1.0,1786.0,Pdd40d88f63,63.0,2021-08-05,18996.0,18173.0
64,C50c2e82ddd5064,0.0,2013-07-01,2013-08-20,5.0,679.0,Pdd40d89264,64.0,2017-03-23,10603.0,7819.0
66,C50c2e82ddd5066,0.0,2019-11-23,2019-12-04,2.0,4049.0,Pdd40d89766,66.0,2021-01-01,34977.0,21802.0
67,C50c2e82ddd5067,0.0,2021-12-03,2021-12-03,1.0,1141.0,Pdd40d89a67,67.0,2021-08-23,29747.0,12047.0
69,C50c2e82ddd5069,1.0,2022-04-22,2022-07-06,4.0,3579.0,Pdd40d89f69,69.0,2022-12-24,32313.0,7238.0
70,C50c2e82ddd5070,0.0,2021-10-02,2021-10-17,2.0,3757.0,Pdd40d8a270,70.0,2021-02-06,9644.0,1346.0
73,C50c2e82ddd5073,1.0,2021-10-04,2021-11-17,3.0,2602.0,Pdd40d8a973,73.0,2021-09-20,4752.0,1280.0
74,C50c2e82ddd5074,0.0,2015-05-10,2015-05-29,4.0,163.0,Pdd40d8ac74,74.0,2016-03-24,31063.0,27936.0
75,C50c2e82ddd5075,1.0,2012-01-13,2012-02-04,1.0,858.0,Pdd42111375,75.0,2019-04-04,44254.0,32466.0
76,C50c2e82ddd5076,1.0,2018-08-27,2018-10-19,0.0,3050.0,Pdd421e4876,76.0,2020-09-19,34075.0,26685.0
78,C50c2e82ddd5078,1.0,2021-04-07,2021-06-27,3.0,1365.0,Pdd421e4d78,78.0,2022-06-03,5224.0,1036.0
79,C50c2e82ddd5079,0.0,2020-06-28,2020-07-30,4.0,2922.0,Pdd421e5079,79.0,2021-03-18,19902.0,14158.0
80,C50c2e82ddd5080,1.0,2010-03-25,2010-11-06,0.0,4755.0,Pdd421e5380,80.0,2014-10-02,15100.0,4226.0
82,C50c2e82ddd5082,1.0,2022-06-19,2022-08-05,3.0,3049.0,Pdd426c8882,82.0,2022-11-13,3911.0,2322.0
83,C50c2e82ddd5083,1.0,2023-02-24,2023-02-26,1.0,3389.0,Pdd427c6583,83.0,2022-09-10,13809.0,649.0
85,C50c2e82ddd5085,1.0,2019-12-20,2020-02-26,2.0,2220.0,Pdd427c6a85,85.0,2020-06-08,40775.0,37615.0
91,C50c2e82ddd5091,1.0,2020-07-16,2020-09-30,0.0,3145.0,Pdd427c7791,91.0,2022-07-20,42467.0,6853.0
92,C50c2e82ddd5092,0.0,2019-02-15,2019-03-10,1.0,3167.0,Pdd427c7a92,92.0,2022-09-03,29750.0,13242.0
94,C50c2e82ddd5094,1.0,2020-03-24,2020-06-26,5.0,3655.0,Pdd427c7f94,94.0,2021-01-15,28448.0,14777.0
95,C50c2e82ddd5095,0.0,2022-04-21,2022-07-05,5.0,3463.0,Pdd427c8295,95.0,2022-10-10,3169.0,970.0
96,C50c2e82ddd5096,1.0,2012-06-12,2012-12-12,0.0,1656.0,Pdd427c8596,96.0,2019-03-13,7085.0,5961.0
99,C50c2e82ddd5099,1.0,2018-11-13,2019-03-09,2.0,2034.0,Pdd427c8c99,99.0,2020-08-13,40539.0,39148.0
100,C50c2e82ddd50100,0.0,2020-07-31,2020-09-03,3.0,916.0,Pdd427c8f100,100.0,2021-10-28,24420.0,22248.0
103,C50c2e82ddd50103,1.0,2013-10-11,2014-03-22,3.0,1689.0,Pdd427c96103,103.0,2014-02-12,44041.0,37646.0
105,C50c2e82ddd50105,1.0,2020-04-13,2020-04-25,0.0,4988.0,Pdd427c9b105,105.0,2022-04-08,6550.0,1309.0
107,C50c2e82ddd50107,1.0,2015-08-20,2015-09-11,4.0,1176.0,Pdd427ca0107,107.0,2021-04-28,19703.0,13431.0
109,C50c2e82ddd50109,0.0,2010-11-11,2011-04-04,2.0,4666.0,Pdd427ca5109,109.0,2018-06-20,45977.0,6065.0
111,C50c2e82ddd50111,1.0,2017-09-13,2017-10-31,1.0,3404.0,Pdd43c289111,111.0,2017-04-02,8560.0,6076.0
112,C50c2e82ddd50112,0.0,2021-06-10,2021-09-02,1.0,4912.0,Pdd43c28c112,112.0,2021-09-07,30554.0,11952.0
114,C50c2e82ddd50114,1.0,2010-11-24,2010-12-20,3.0,4184.0,Pdd43c291114,114.0,2011-09-18,47301.0,30231.0
119,C50c2e82ddd50119,0.0,2021-07-20,2021-09-12,4.0,279.0,Pdd441e4d119,119.0,2022-10-10,7766.0,2197.0
120,C50c2e82ddd50120,1.0,2021-08-27,2021-11-13,2.0,4510.0,Pdd441e50120,120.0,2022-11-04,43145.0,23394.0
122,C50c2e82ddd50122,0.0,2014-08-13,2014-08-29,5.0,3534.0,Pdd441e55122,122.0,2022-07-18,8269.0,2614.0
124,C50c2e82ddd50124,0.0,2020-08-21,2020-09-01,3.0,4851.0,Pdd441e5a124,124.0,2022-08-11,29180.0,24411.0
127,C50c2e82ddd50127,0.0,2023-06-08,2023-06-22,0.0,4929.0,Pdd441e61127,127.0,2022-10-10,5860.0,1301.0
128,C50c2e82ddd50128,1.0,2021-08-18,2021-08-18,1.0,3755.0,Pdd441e64128,128.0,2022-06-18,7294.0,7280.0
129,C50c2e82ddd50129,1.0,2020-02-14,2020-04-25,0.0,3843.0,Pdd441e67129,129.0,2019-04-25,17961.0,10623.0
130,C50c2e82ddd50130,0.0,2022-09-04,2022-10-23,2.0,698.0,Pdd441e6a130,130.0,2022-04-19,46951.0,40167.0
131,C50c2e82ddd50131,0.0,2016-01-26,2016-07-25,4.0,640.0,Pdd441e6d131,131.0,2022-06-03,36606.0,29074.0
132,C50c2e82ddd50132,0.0,2009-06-03,2009-12-15,0.0,4946.0,Pdd441e70132,132.0,2011-07-02,38355.0,35467.0
134,C50c2e82ddd50134,1.0,2021-02-02,2021-02-23,0.0,2057.0,Pdd441e75134,134.0,2020-11-19,29313.0,1039.0
137,C50c2e82ddd50137,0.0,2023-04-07,2023-04-11,4.0,534.0,Pdd441e7c137,137.0,2022-01-13,13961.0,8611.0
139,C50c2e82ddd50139,1.0,2009-03-11,2009-04-15,0.0,870.0,Pdd441e81139,139.0,2021-04-26,15546.0,2375.0
148,C50c2e82ddd50148,0.0,2013-03-23,2013-05-07,2.0,4913.0,Pdd4557c0148,148.0,2021-07-13,16939.0,13945.0
149,C50c2e82ddd50149,0.0,2020-12-26,2021-01-15,0.0,2377.0,Pdd4557c3149,149.0,2021-06-25,38794.0,3843.0
150,C50c2e82ddd50150,0.0,2021-10-27,2021-11-29,0.0,1237.0,Pdd45a5f5150,150.0,2022-04-21,10054.0,2000.0
151,C50c2e82ddd50151,1.0,2017-11-04,2017-12-22,2.0,3558.0,Pdd45afa3151,151.0,2018-06-24,10306.0,4098.0
156,C50c2e82ddd50156,0.0,2009-06-10,2009-07-02,5.0,4195.0,Pdd45afae156,156.0,2013-05-11,2799.0,1673.0
158,C50c2e82ddd50158,0.0,2004-01-28,2004-01-30,2.0,4590.0,Pdd45afb3158,158.0,2013-01-14,25110.0,1757.0
160,C50c2e82ddd50160,0.0,2021-01-11,2021-02-09,5.0,1989.0,Pdd45afb8160,160.0,2020-05-28,35368.0,33726.0
161,C50c2e82ddd50161,1.0,2021-03-14,2021-06-16,1.0,4724.0,Pdd45afbb161,161.0,2021-03-03,24978.0,20301.0
163,C50c2e82ddd50163,0.0,2017-02-26,2017-03-16,5.0,1666.0,Pdd45afc0163,163.0,2018-09-27,36617.0,6043.0
165,C50c2e82ddd50165,1.0,2019-11-06,2019-12-09,3.0,3806.0,Pdd45afc5165,165.0,2020-02-01,16411.0,616.0
167,C50c2e82ddd50167,1.0,2017-01-02,2017-01-08,1.0,788.0,Pdd45afca167,167.0,2016-01-01,10380.0,6059.0
169,C50c2e82ddd50169,0.0,2010-11-17,2010-11-28,3.0,281.0,Pdd45afcf169,169.0,2014-12-14,40531.0,38657.0
170,C50c2e82ddd50170,0.0,2022-03-05,2022-03-05,0.0,2941.0,Pdd45afd2170,170.0,2022-05-02,30117.0,14012.0
171,C50c2e82ddd50171,1.0,2022-01-15,2022-01-20,0.0,1641.0,Pdd45afd5171,171.0,2021-02-24,4392.0,4051.0
172,C50c2e82ddd50172,1.0,2013-12-06,2013-12-11,0.0,874.0,Pdd45afd8172,172.0,2020-09-09,28197.0,24796.0
174,C50c2e82ddd50174,0.0,2009-03-15,2009-05-10,3.0,3245.0,Pdd45afdd174,174.0,2017-01-15,18721.0,3642.0
175,C50c2e82ddd50175,1.0,2015-12-20,2016-02-27,5.0,2645.0,Pdd46f299175,175.0,2015-10-21,3319.0,3242.0
176,C50c2e82ddd50176,0.0,2019-06-07,2019-12-30,5.0,2887.0,Pdd46f29c176,176.0,2019-12-03,31752.0,6299.0
177,C50c2e82ddd50177,1.0,2012-04-14,2012-04-14,3.0,3386.0,Pdd46f29f177,177.0,2017-11-28,46677.0,10429.0
178,C50c2e82ddd50178,1.0,2013-03-03,2013-04-16,4.0,2532.0,Pdd4741bd178,178.0,2018-02-23,7219.0,3161.0
180,C50c2e82ddd50180,0.0,2019-09-30,2019-12-19,1.0,4295.0,Pdd4741c2180,180.0,2019-01-13,2683.0,2293.0
183,C50c2e82ddd50183,0.0,2021-02-16,2021-03-02,4.0,3234.0,Pdd4741c9183,183.0,2022-06-10,33382.0,16536.0
184,C50c2e82ddd50184,0.0,2018-09-10,2018-09-13,5.0,4048.0,Pdd4741cc184,184.0,2020-07-20,39995.0,6751.0
185,C50c2e82ddd50185,1.0,2020-03-20,2020-06-25,1.0,4627.0,Pdd4741cf185,185.0,2022-11-19,3894.0,2733.0
187,C50c2e82ddd50187,0.0,2019-10-26,2020-02-11,2.0,1189.0,Pdd4741d4187,187.0,2019-09-13,32326.0,3186.0
189,C50c2e82ddd50189,0.0,2021-05-04,2021-06-16,1.0,2830.0,Pdd4741d9189,189.0,2022-01-08,48748.0,921.0
190,C50c2e82ddd50190,0.0,2007-10-09,2008-04-19,3.0,4116.0,Pdd4741dc190,190.0,2019-08-24,9604.0,1377.0
192,C50c2e82ddd50192,1.0,2021-07-21,2021-07-30,5.0,711.0,Pdd4741e1192,192.0,2021-02-20,19686.0,539.0
195,C50c2e82ddd50195,0.0,2009-11-09,2009-11-29,0.0,4876.0,Pdd4741e8195,195.0,2011-09-24,37595.0,21977.0
196,C50c2e82ddd50196,1.0,2020-06-21,2020-06-24,2.0,3375.0,Pdd4741eb196,196.0,2022-06-25,15718.0,2222.0
201,C50c2e82ddd50201,1.0,2018-10-16,2018-10-23,5.0,4480.0,Pdd4741f6201,201.0,2022-03-10,39072.0,13802.0
204,C50c2e82ddd50204,0.0,2022-08-17,2022-11-01,1.0,2209.0,Pdd488450204,204.0,2022-03-17,15932.0,1544.0
208,C50c2e82ddd50208,0.0,2020-11-14,2021-02-22,0.0,1576.0,Pdd488459208,208.0,2020-07-01,33887.0,20514.0
209,C50c2e82ddd50209,1.0,2022-11-25,2022-12-05,0.0,798.0,Pdd48845c209,209.0,2022-05-18,46451.0,9606.0
210,C50c2e82ddd50210,0.0,2019-06-11,2019-06-23,5.0,1629.0,Pdd48d2a0210,210.0,2020-04-06,38614.0,29652.0
214,C50c2e82ddd50214,0.0,2016-04-30,2016-05-16,2.0,1816.0,Pdd48e171214,214.0,2021-04-12,49555.0,11152.0
216,C50c2e82ddd50216,0.0,2016-05-29,2016-08-13,5.0,1954.0,Pdd48e176216,216.0,2020-08-07,41603.0,27627.0
219,C50c2e82ddd50219,0.0,2020-09-12,2020-10-26,3.0,3634.0,Pdd48e17d219,219.0,2022-07-18,49236.0,44660.0
220,C50c2e82ddd50220,1.0,2012-04-27,2012-06-10,5.0,1262.0,Pdd48e180220,220.0,2017-10-11,48469.0,4507.0
223,C50c2e82ddd50223,1.0,2005-10-04,2005-11-04,5.0,2271.0,Pdd48e187223,223.0,2006-03-14,31360.0,4019.0
226,C50c2e82ddd50226,1.0,2010-04-03,2010-04-08,0.0,4794.0,Pdd48e18e226,226.0,2022-07-27,29469.0,11793.0
227,C50c2e82ddd50227,1.0,2009-04-04,2009-04-06,1.0,842.0,Pdd48e191227,227.0,2021-09-10,39710.0,1970.0
228,C50c2e82ddd50228,0.0,2015-09-01,2015-09-23,5.0,781.0,Pdd48e194228,228.0,2017-05-15,5412.0,760.0
232,C50c2e82ddd50232,1.0,2014-12-08,2014-12-08,5.0,2402.0,Pdd48e19d232,232.0,2018-11-13,28052.0,5272.0
234,C50c2e82ddd50234,0.0,2017-06-13,2017-09-03,3.0,2063.0,Pdd48e1a2234,234.0,2017-10-03,41302.0,31781.0
235,C50c2e82ddd50235,0.0,2017-02-13,2017-03-15,4.0,4344.0,Pdd48e1a5235,235.0,2020-01-27,34825.0,2057.0
237,C50c2e82ddd50237,1.0,2019-07-06,2019-10-05,3.0,4529.0,Pdd4a1ac2237,237.0,2019-10-01,24284.0,10244.0
243,C50c2e82ddd50243,1.0,2022-06-27,2023-01-30,3.0,3219.0,Pdd4a6910243,243.0,2022-11-07,27482.0,8730.0
246,C50c2e82ddd50246,1.0,2018-03-16,2018-07-22,3.0,765.0,Pdd4a69ea246,246.0,2020-11-20,46856.0,14266.0
248,C50c2e82ddd50248,0.0,2006-03-21,2006-06-28,3.0,2489.0,Pdd4a69ef248,248.0,2013-12-03,6866.0,5033.0
251,C50c2e82ddd50251,0.0,2014-12-01,2014-12-26,0.0,1518.0,Pdd4a69f6251,251.0,2019-08-06,24170.0,577.0
252,C50c2e82ddd50252,0.0,2023-01-13,2023-01-31,3.0,1334.0,Pdd4a69f9252,252.0,2022-12-01,25042.0,20568.0
253,C50c2e82ddd50253,1.0,2008-10-08,2008-12-11,2.0,2048.0,Pdd4a69fc253,253.0,2020-11-15,41115.0,7301.0
254,C50c2e82ddd50254,0.0,2017-06-18,2017-08-24,2.0,891.0,Pdd4a69ff254,254.0,2018-07-11,36197.0,12969.0
255,C50c2e82ddd50255,1.0,2020-08-17,2020-09-17,2.0,779.0,Pdd4a6a02255,255.0,2022-04-26,2999.0,1243.0
261,C50c2e82ddd50261,0.0,2006-08-14,2006-11-18,4.0,551.0,Pdd4a6a0f261,261.0,2018-12-12,35066.0,29540.0
263,C50c2e82ddd50263,1.0,2015-05-26,2015-06-15,2.0,1136.0,Pdd4a6a14263,263.0,2018-01-19,41201.0,1366.0
264,C50c2e82ddd50264,1.0,2019-06-29,2019-07-12,0.0,269.0,Pdd4a6a17264,264.0,2020-08-06,21502.0,666.0
265,C50c2e82ddd50265,1.0,2019-07-09,2019-07-19,1.0,2941.0,Pdd4a6a1a265,265.0,2022-05-11,10808.0,613.0
268,C50c2e82ddd50268,0.0,2015-09-22,2016-04-04,4.0,2293.0,Pdd4ba2a0268,268.0,2016-06-10,24935.0,20005.0
273,C50c2e82ddd50273,1.0,2021-04-15,2021-06-22,0.0,701.0,Pdd4bacbd273,273.0,2021-12-19,35616.0,14123.0
274,C50c2e82ddd50274,1.0,2017-07-22,2017-07-31,2.0,3572.0,Pdd4bacc0274,274.0,2019-01-02,15431.0,12854.0
275,C50c2e82ddd50275,1.0,2004-02-12,2004-02-28,0.0,4100.0,Pdd4bacc3275,275.0,2008-03-06,37593.0,10207.0
282,C50c2e82ddd50282,0.0,2007-08-11,2007-08-18,0.0,1781.0,Pdd4c06eb282,282.0,2012-05-27,27363.0,4348.0
285,C50c2e82ddd50285,0.0,2022-11-05,2023-03-29,0.0,2503.0,Pdd4c06f2285,285.0,2022-05-08,42817.0,42767.0
289,C50c2e82ddd50289,1.0,2022-01-14,2022-01-23,2.0,1644.0,Pdd4c06fb289,289.0,2021-07-26,25158.0,6829.0
291,C50c2e82ddd50291,0.0,2021-05-20,2021-05-20,2.0,3475.0,Pdd4c0700291,291.0,2021-03-01,4647.0,2112.0
292,C50c2e82ddd50292,1.0,2013-03-31,2013-05-23,4.0,3306.0,Pdd4c0703292,292.0,2019-06-02,40211.0,15216.0
293,C50c2e82ddd50293,0.0,2018-04-05,2018-06-07,3.0,4371.0,Pdd4c0706293,293.0,2020-06-25,28322.0,27877.0
295,C50c2e82ddd50295,0.0,2004-03-16,2004-03-25,5.0,4368.0,Pdd4c070b295,295.0,2022-07-08,27085.0,984.0
297,C50c2e82ddd50297,1.0,2009-07-01,2009-07-06,3.0,4618.0,Pdd4c0710297,297.0,2021-06-01,11291.0,11257.0
299,C50c2e82ddd50299,1.0,2011-09-19,2011-11-17,1.0,4149.0,Pdd4c0715299,299.0,2020-03-07,33841.0,12113.0
300,C50c2e82ddd50300,0.0,2018-10-26,2018-11-13,2.0,3657.0,Pdd4c0718300,300.0,2021-10-15,47328.0,7209.0
302,C50c2e82ddd50302,1.0,2022-08-13,2022-09-02,1.0,4194.0,Pdd4d4344302,302.0,2022-01-25,45222.0,16056.0
303,C50c2e82ddd50303,0.0,2023-05-02,2023-05-03,0.0,2386.0,Pdd4d5131303,303.0,2022-02-14,45238.0,10514.0
304,C50c2e82ddd50304,1.0,2020-07-23,2020-08-02,0.0,187.0,Pdd4d5134304,304.0,2022-03-02,7223.0,3937.0
308,C50c2e82ddd50308,1.0,2017-04-17,2017-06-28,3.0,1600.0,Pdd4d9167308,308.0,2022-09-13,20231.0,19432.0
311,C50c2e82ddd50311,0.0,2008-01-20,2008-02-27,0.0,4191.0,Pdd4d916e311,311.0,2009-02-28,8079.0,4733.0
313,C50c2e82ddd50313,0.0,2021-12-28,2022-03-03,4.0,4793.0,Pdd4db882313,313.0,2022-04-15,16347.0,8528.0
314,C50c2e82ddd50314,0.0,2020-05-09,2020-05-22,4.0,233.0,Pdd4ddf95314,314.0,2022-03-07,16072.0,15695.0
316,C50c2e82ddd50316,1.0,2014-09-14,2014-11-12,3.0,3479.0,Pdd4ddf9a316,316.0,2014-07-14,28372.0,11594.0
317,C50c2e82ddd50317,1.0,2023-02-03,2023-02-21,4.0,1690.0,Pdd4e069c317,317.0,2022-04-09,17775.0,14689.0
319,C50c2e82ddd50319,0.0,2015-08-23,2016-01-04,2.0,351.0,Pdd4e06a1319,319.0,2022-07-28,43954.0,31728.0
320,C50c2e82ddd50320,0.0,2018-04-08,2018-04-08,5.0,2580.0,Pdd4e2db9320,320.0,2019-07-01,39962.0,18185.0
321,C50c2e82ddd50321,0.0,2022-05-21,2022-05-21,0.0,166.0,Pdd4e2dbc321,321.0,2022-09-06,48172.0,30265.0
323,C50c2e82ddd50323,1.0,2020-07-28,2020-08-11,3.0,2768.0,Pdd4e54cc323,323.0,2022-06-07,26853.0,26522.0
325,C50c2e82ddd50325,0.0,2019-07-10,2019-09-22,3.0,769.0,Pdd4e7bd9325,325.0,2022-06-28,38732.0,9480.0
327,C50c2e82ddd50327,1.0,2002-11-28,2003-04-12,1.0,3002.0,Pdd4e7bde327,327.0,2018-01-11,36130.0,25171.0
328,C50c2e82ddd50328,0.0,2014-07-20,2014-07-22,0.0,1472.0,Pdd4ea2ef328,328.0,2017-10-12,4675.0,4146.0
329,C50c2e82ddd50329,0.0,2020-06-30,2020-07-18,3.0,1797.0,Pdd4ea2f2329,329.0,2021-12-25,23541.0,743.0
332,C50c2e82ddd50332,1.0,2018-12-23,2019-02-14,0.0,3689.0,Pdd4eca03332,332.0,2019-07-25,43337.0,6638.0
334,C50c2e82ddd50334,0.0,2022-02-16,2022-04-03,5.0,2890.0,Pdd4ef115334,334.0,2022-07-08,47325.0,13743.0
336,C50c2e82ddd50336,1.0,2021-05-18,2021-06-28,1.0,1374.0,Pdd4f1827336,336.0,2022-10-20,44095.0,22053.0
339,C50c2e82ddd50339,1.0,2005-05-30,2005-08-22,0.0,790.0,Pdd4f3f50339,339.0,2006-05-21,7087.0,6684.0
343,C50c2e82ddd50343,0.0,2005-02-04,2005-09-15,5.0,4579.0,Pdd4f664e343,343.0,2011-12-21,44905.0,38607.0
349,C50c2e82ddd50349,1.0,2015-09-09,2016-02-10,4.0,3374.0,Pdd4f8d65349,349.0,2016-09-17,18265.0,11532.0
350,C50c2e82ddd50350,0.0,2016-10-07,2016-10-16,5.0,1506.0,Pdd4fb471350,350.0,2020-01-26,47850.0,34337.0
351,C50c2e82ddd50351,0.0,2018-08-15,2018-08-20,3.0,4240.0,Pdd4fdb84351,351.0,2020-09-09,29456.0,4064.0
354,C50c2e82ddd50354,0.0,2022-08-12,2022-09-06,3.0,1142.0,Pdd500297354,354.0,2022-01-18,36323.0,4424.0
355,C50c2e82ddd50355,0.0,2017-06-19,2017-09-13,2.0,3298.0,Pdd50029a355,355.0,2018-08-23,19397.0,14074.0
356,C50c2e82ddd50356,1.0,2013-09-25,2013-10-01,2.0,2871.0,Pdd50029d356,356.0,2022-06-13,5489.0,4241.0
362,C50c2e82ddd50362,0.0,2022-01-21,2022-04-22,1.0,2388.0,Pdd50511b362,362.0,2022-04-18,32818.0,18253.0
363,C50c2e82ddd50363,1.0,2022-10-24,2023-03-23,0.0,2541.0,Pdd50511e363,363.0,2022-01-01,32762.0,25721.0
366,C50c2e82ddd50366,0.0,2017-08-29,2017-10-31,4.0,4688.0,Pdd5077d4366,366.0,2018-10-27,19453.0,5503.0
369,C50c2e82ddd50369,0.0,2016-06-26,2016-07-28,5.0,1174.0,Pdd509eeb369,369.0,2022-10-02,49386.0,25578.0
370,C50c2e82ddd50370,0.0,2010-10-24,2011-03-27,2.0,4030.0,Pdd50c5f5370,370.0,2016-03-13,32852.0,1437.0
376,C50c2e82ddd50376,0.0,2016-12-04,2017-03-17,2.0,3103.0,Pdd50ed28376,376.0,2021-09-06,39792.0,35580.0
377,C50c2e82ddd50377,0.0,2019-03-19,2019-07-21,3.0,3327.0,Pdd51141a377,377.0,2021-10-19,17259.0,8616.0
378,C50c2e82ddd50378,0.0,2018-03-31,2018-04-08,2.0,2640.0,Pdd51141d378,378.0,2021-06-08,16746.0,3921.0
380,C50c2e82ddd50380,1.0,2019-09-14,2020-01-03,2.0,4385.0,Pdd513b2f380,380.0,2022-09-22,35757.0,32807.0
383,C50c2e82ddd50383,0.0,2020-03-16,2020-04-22,3.0,2271.0,Pdd51625a383,383.0,2022-06-15,34129.0,629.0
384,C50c2e82ddd50384,1.0,2021-04-01,2021-04-06,1.0,622.0,Pdd51625d384,384.0,2022-10-21,47493.0,12731.0
385,C50c2e82ddd50385,1.0,2006-12-08,2007-01-01,2.0,4009.0,Pdd516260385,385.0,2022-12-21,18253.0,10931.0
387,C50c2e82ddd50387,1.0,2015-12-27,2016-03-23,3.0,4654.0,Pdd518957387,387.0,2015-06-13,24319.0,17925.0
388,C50c2e82ddd50388,0.0,2021-10-05,2021-10-14,1.0,1917.0,Pdd51895a388,388.0,2021-12-15,34935.0,26028.0
391,C50c2e82ddd50391,1.0,2018-04-13,2018-05-10,0.0,218.0,Pdd51b089391,391.0,2017-11-21,19979.0,6087.0
392,C50c2e82ddd50392,1.0,2023-04-27,2023-05-08,5.0,1205.0,Pdd51d778392,392.0,2022-04-20,25088.0,2912.0
395,C50c2e82ddd50395,1.0,2019-09-19,2020-01-30,4.0,4833.0,Pdd51fe92395,395.0,2021-08-01,41219.0,13116.0
397,C50c2e82ddd50397,1.0,2018-03-04,2018-03-08,4.0,1290.0,Pdd5225a0397,397.0,2019-12-25,2221.0,592.0
399,C50c2e82ddd50399,1.0,2008-01-23,2008-02-12,5.0,3526.0,Pdd5225a5399,399.0,2021-05-17,37312.0,22613.0
401,C50c2e82ddd50401,0.0,2010-03-02,2010-07-26,3.0,4919.0,Pdd524cb4401,401.0,2011-10-04,40623.0,2906.0
402,C50c2e82ddd50402,0.0,2017-03-01,2017-03-18,5.0,663.0,Pdd524cb7402,402.0,2020-07-23,49207.0,37696.0
404,C50c2e82ddd50404,1.0,2023-01-10,2023-01-10,4.0,2891.0,Pdd5273ca404,404.0,2022-03-08,2477.0,1908.0
405,C50c2e82ddd50405,0.0,2019-06-02,2019-08-18,0.0,214.0,Pdd5273cd405,405.0,2020-06-26,29173.0,5005.0
406,C50c2e82ddd50406,0.0,2016-05-29,2016-06-15,1.0,1306.0,Pdd529ad7406,406.0,2021-04-22,12829.0,4466.0
408,C50c2e82ddd50408,0.0,2019-04-29,2019-05-01,2.0,807.0,Pdd529adc408,408.0,2022-04-13,43853.0,19553.0
409,C50c2e82ddd50409,1.0,2005-04-22,2005-05-14,5.0,4211.0,Pdd52c1ec409,409.0,2022-07-23,16507.0,3240.0
413,C50c2e82ddd50413,1.0,2013-08-13,2013-11-09,2.0,3992.0,Pdd52e8fe413,413.0,2019-11-18,39742.0,11363.0
415,C50c2e82ddd50415,1.0,2014-10-30,2015-01-02,5.0,2944.0,Pdd531014415,415.0,2016-10-11,16574.0,7296.0
416,C50c2e82ddd50416,0.0,2005-04-14,2005-04-24,3.0,238.0,Pdd531017416,416.0,2020-01-16,28330.0,25926.0
417,C50c2e82ddd50417,0.0,2022-12-09,2023-01-31,0.0,270.0,Pdd53101a417,417.0,2022-01-13,34005.0,27222.0
419,C50c2e82ddd50419,1.0,2018-05-20,2018-06-12,5.0,3938.0,Pdd533727419,419.0,2021-06-02,36478.0,1633.0
420,C50c2e82ddd50420,0.0,2019-03-17,2019-03-29,4.0,1566.0,Pdd535e36420,420.0,2022-02-02,12637.0,11658.0
424,C50c2e82ddd50424,0.0,2016-04-02,2016-04-06,2.0,166.0,Pdd53854a424,424.0,2022-12-08,37570.0,29582.0
425,C50c2e82ddd50425,0.0,2003-09-01,2003-12-30,3.0,4292.0,Pdd53854d425,425.0,2010-10-22,36115.0,28626.0
426,C50c2e82ddd50426,0.0,2021-11-06,2021-11-19,1.0,1414.0,Pdd53ac5d426,426.0,2021-09-08,32708.0,3894.0
429,C50c2e82ddd50429,0.0,2013-10-28,2013-12-01,5.0,4870.0,Pdd53ac64429,429.0,2020-01-09,27431.0,6924.0
431,C50c2e82ddd50431,0.0,2020-09-15,2020-09-20,5.0,3897.0,Pdd53d371431,431.0,2021-09-05,21792.0,17967.0
432,C50c2e82ddd50432,1.0,2014-10-02,2014-12-02,5.0,2817.0,Pdd53fa80432,432.0,2017-01-14,41830.0,28472.0
435,C50c2e82ddd50435,0.0,2017-04-28,2018-02-02,2.0,3399.0,Pdd53fa87435,435.0,2018-06-03,37004.0,28030.0
437,C50c2e82ddd50437,0.0,2022-11-16,2022-11-27,0.0,4185.0,Pdd5421b7437,437.0,2022-09-10,1678.0,1630.0
438,C50c2e82ddd50438,0.0,2015-12-27,2016-03-27,0.0,1285.0,Pdd5448a7438,438.0,2016-07-10,24584.0,7466.0
440,C50c2e82ddd50440,0.0,2004-06-20,2004-08-12,1.0,2399.0,Pdd5448ac440,440.0,2015-01-08,23799.0,14728.0
446,C50c2e82ddd50446,0.0,2022-07-02,2022-09-06,2.0,4380.0,Pdd549876446,446.0,2022-06-03,11118.0,10557.0
448,C50c2e82ddd50448,0.0,2022-04-07,2022-04-25,5.0,2501.0,Pdd54987b448,448.0,2021-09-14,25368.0,12674.0
449,C50c2e82ddd50449,1.0,2010-12-09,2010-12-19,1.0,1838.0,Pdd54987e449,449.0,2016-08-14,1985.0,1572.0
450,C50c2e82ddd50450,0.0,2023-05-19,2023-05-28,5.0,1697.0,Pdd549881450,450.0,2022-01-08,24291.0,15180.0
451,C50c2e82ddd50451,1.0,2002-10-06,2002-11-05,2.0,3901.0,Pdd549884451,451.0,2004-10-23,37657.0,34352.0
453,C50c2e82ddd50453,0.0,2021-05-31,2021-07-30,2.0,3939.0,Pdd549889453,453.0,2021-10-02,34977.0,505.0
456,C50c2e82ddd50456,1.0,2012-10-04,2012-11-10,5.0,1103.0,Pdd549890456,456.0,2013-01-12,15320.0,6247.0
457,C50c2e82ddd50457,1.0,2017-10-18,2017-11-08,2.0,1890.0,Pdd5548db457,457.0,2017-09-11,27014.0,862.0
462,C50c2e82ddd50462,1.0,2020-04-04,2020-06-12,5.0,2969.0,Pdd5548e6462,462.0,2020-11-04,37719.0,22528.0
465,C50c2e82ddd50465,1.0,2020-01-27,2020-01-30,4.0,4587.0,Pdd559784465,465.0,2021-06-12,31364.0,12654.0
466,C50c2e82ddd50466,0.0,2022-10-19,2023-06-03,0.0,1735.0,Pdd559787466,466.0,2022-06-25,40764.0,39727.0
467,C50c2e82ddd50467,1.0,2012-12-08,2013-02-09,3.0,4645.0,Pdd55978a467,467.0,2017-10-16,1435.0,589.0
468,C50c2e82ddd50468,0.0,2019-06-12,2020-02-04,5.0,2176.0,Pdd55978d468,468.0,2021-01-13,47202.0,11554.0
470,C50c2e82ddd50470,0.0,2021-02-06,2021-03-29,5.0,3731.0,Pdd559792470,470.0,2021-06-15,20111.0,13430.0
474,C50c2e82ddd50474,0.0,2005-09-14,2005-10-07,4.0,1248.0,Pdd55979b474,474.0,2022-10-05,43209.0,4940.0
475,C50c2e82ddd50475,1.0,2018-09-09,2018-09-09,5.0,4984.0,Pdd55979e475,475.0,2021-09-09,3278.0,648.0
477,C50c2e82ddd50477,1.0,2020-02-21,2020-07-01,5.0,2875.0,Pdd5597a3477,477.0,2021-08-23,47513.0,24733.0
478,C50c2e82ddd50478,1.0,2022-02-16,2022-02-25,1.0,2730.0,Pdd5597a6478,478.0,2022-03-15,39727.0,5592.0
480,C50c2e82ddd50480,1.0,2022-02-15,2022-03-08,2.0,4560.0,Pdd5597ab480,480.0,2022-05-22,49935.0,33721.0
481,C50c2e82ddd50481,1.0,2009-01-13,2009-04-22,1.0,4925.0,Pdd5597ae481,481.0,2008-02-08,29748.0,25806.0
482,C50c2e82ddd50482,0.0,2015-02-01,2015-05-03,2.0,992.0,Pdd5597b1482,482.0,2019-10-21,12444.0,9489.0
484,C50c2e82ddd50484,1.0,2007-10-20,2008-02-28,4.0,2875.0,Pdd5597b6484,484.0,2013-10-26,14707.0,8556.0
485,C50c2e82ddd50485,1.0,2022-05-20,2022-06-18,4.0,3283.0,Pdd5597b9485,485.0,2022-11-24,16367.0,11078.0
487,C50c2e82ddd50487,0.0,2022-01-20,2022-01-27,3.0,2051.0,Pdd5597be487,487.0,2021-09-10,17946.0,14275.0
489,C50c2e82ddd50489,1.0,2022-11-07,2023-03-29,5.0,4500.0,Pdd56d0b3489,489.0,2022-03-09,33076.0,14077.0
491,C50c2e82ddd50491,1.0,2021-10-01,2022-06-27,1.0,1327.0,Pdd56d0b8491,491.0,2021-04-16,30711.0,3216.0
494,C50c2e82ddd50494,1.0,2022-03-22,2022-05-09,5.0,1848.0,Pdd572076494,494.0,2022-03-09,12304.0,2442.0
495,C50c2e82ddd50495,0.0,2022-05-08,2022-06-22,5.0,952.0,Pdd572079495,495.0,2022-12-27,34099.0,20345.0
498,C50c2e82ddd50498,1.0,2012-04-30,2012-05-02,4.0,3349.0,Pdd572080498,498.0,2015-08-08,40278.0,22402.0
506,C50c2e82ddd50506,0.0,2018-08-21,2018-10-21,2.0,3405.0,Pdd572091506,506.0,2018-05-10,24364.0,19019.0
507,C50c2e82ddd50507,0.0,2020-09-01,2020-09-29,0.0,3376.0,Pdd572094507,507.0,2020-08-01,29970.0,1622.0
514,C50c2e82ddd50514,1.0,2022-04-25,2022-10-15,2.0,303.0,Pdd5720a3514,514.0,2022-08-04,3268.0,651.0
518,C50c2e82ddd50518,1.0,2004-09-10,2004-11-11,0.0,4140.0,Pdd5720ac518,518.0,2004-03-22,39532.0,14909.0
520,C50c2e82ddd50520,0.0,2022-08-29,2022-09-25,4.0,1916.0,Pdd5720b1520,520.0,2022-09-24,34258.0,11607.0
521,C50c2e82ddd50521,0.0,2018-06-18,2018-07-17,4.0,4820.0,Pdd585a1d521,521.0,2020-08-28,25799.0,3561.0
522,C50c2e82ddd50522,0.0,2023-10-21,2023-11-01,0.0,3097.0,Pdd585a20522,522.0,2022-06-04,47347.0,13998.0
524,C50c2e82ddd50524,1.0,2003-08-28,2003-10-05,2.0,373.0,Pdd585a25524,524.0,2019-04-17,1100.0,570.0
529,C50c2e82ddd50529,0.0,2009-10-12,2009-10-20,1.0,3462.0,Pdd58a8d3529,529.0,2013-05-08,34900.0,30766.0
530,C50c2e82ddd50530,1.0,2009-07-10,2009-08-09,2.0,4228.0,Pdd58a8d6530,530.0,2020-11-06,18308.0,7970.0
531,C50c2e82ddd50531,1.0,2018-06-06,2018-06-06,1.0,4534.0,Pdd58a8d9531,531.0,2022-10-21,6214.0,4175.0
532,C50c2e82ddd50532,0.0,2014-05-27,2014-06-24,3.0,2089.0,Pdd58a8dc532,532.0,2013-09-25,34302.0,6907.0
533,C50c2e82ddd50533,1.0,2012-12-11,2012-12-24,0.0,2564.0,Pdd58a8df533,533.0,2021-08-09,31220.0,29817.0
537,C50c2e82ddd50537,0.0,2007-04-30,2007-07-18,2.0,3847.0,Pdd58a8e8537,537.0,2011-01-11,7608.0,1706.0
539,C50c2e82ddd50539,0.0,2021-08-04,2021-10-18,5.0,4907.0,Pdd58a8ed539,539.0,2021-11-05,16870.0,2088.0
542,C50c2e82ddd50542,0.0,2023-03-26,2023-06-30,3.0,2054.0,Pdd58a8f4542,542.0,2022-05-25,31042.0,1058.0
543,C50c2e82ddd50543,1.0,2019-03-03,2019-03-05,2.0,585.0,Pdd58a8f7543,543.0,2020-10-27,5816.0,4340.0
544,C50c2e82ddd50544,0.0,2019-02-28,2019-03-25,2.0,2421.0,Pdd58a8fa544,544.0,2019-07-07,12361.0,2043.0
547,C50c2e82ddd50547,1.0,2022-04-09,2022-06-01,4.0,2469.0,Pdd58a901547,547.0,2022-05-11,27641.0,21562.0
548,C50c2e82ddd50548,0.0,2017-06-08,2017-08-02,0.0,3325.0,Pdd58a904548,548.0,2020-03-10,8745.0,1527.0
549,C50c2e82ddd50549,0.0,2006-03-16,2006-05-06,2.0,1027.0,Pdd58a907549,549.0,2006-10-27,18679.0,16057.0
550,C50c2e82ddd50550,1.0,2013-06-19,2013-07-07,3.0,321.0,Pdd58a90a550,550.0,2022-08-23,11379.0,9253.0
551,C50c2e82ddd50551,0.0,2013-06-24,2013-06-25,4.0,2272.0,Pdd59e289551,551.0,2017-07-26,27755.0,17074.0
552,C50c2e82ddd50552,1.0,2022-05-08,2022-05-25,0.0,2085.0,Pdd59e28c552,552.0,2022-07-13,8373.0,4287.0
554,C50c2e82ddd50554,0.0,2020-05-28,2020-09-27,1.0,523.0,Pdd59e291554,554.0,2020-08-03,10694.0,1786.0
555,C50c2e82ddd50555,0.0,2021-11-11,2021-12-31,1.0,3389.0,Pdd5a3148555,555.0,2022-12-15,25537.0,10405.0
558,C50c2e82ddd50558,0.0,2016-03-02,2016-04-11,0.0,1148.0,Pdd5a314f558,558.0,2017-09-07,24533.0,6928.0
560,C50c2e82ddd50560,1.0,2002-07-22,2002-08-23,0.0,3430.0,Pdd5a3154560,560.0,2014-04-01,43504.0,42401.0
561,C50c2e82ddd50561,0.0,2020-10-23,2021-01-07,1.0,1922.0,Pdd5a3157561,561.0,2020-06-25,13942.0,2339.0
562,C50c2e82ddd50562,0.0,2021-03-06,2021-05-05,1.0,391.0,Pdd5a315a562,562.0,2022-02-06,13066.0,5762.0
565,C50c2e82ddd50565,1.0,2021-07-19,2021-09-01,3.0,135.0,Pdd5a3161565,565.0,2021-10-12,6999.0,573.0
568,C50c2e82ddd50568,1.0,2021-01-07,2021-01-07,3.0,1340.0,Pdd5a3168568,568.0,2020-12-17,3712.0,3223.0
570,C50c2e82ddd50570,1.0,2014-09-02,2014-10-22,4.0,3977.0,Pdd5a316d570,570.0,2015-05-05,5000.0,3242.0
571,C50c2e82ddd50571,1.0,2017-09-28,2017-10-14,0.0,3955.0,Pdd5a3170571,571.0,2020-09-14,33484.0,27052.0
572,C50c2e82ddd50572,0.0,2022-09-13,2022-10-05,3.0,931.0,Pdd5a3173572,572.0,2022-02-15,27323.0,10207.0
573,C50c2e82ddd50573,1.0,2020-08-18,2020-09-14,2.0,2375.0,Pdd5a3176573,573.0,2022-09-23,41394.0,11782.0
574,C50c2e82ddd50574,0.0,2017-08-11,2018-01-27,2.0,555.0,Pdd5a3179574,574.0,2021-02-10,5919.0,5402.0
577,C50c2e82ddd50577,1.0,2021-03-09,2021-04-04,2.0,4331.0,Pdd5a3180577,577.0,2022-08-02,10822.0,5481.0
578,C50c2e82ddd50578,0.0,2013-01-12,2013-03-25,0.0,616.0,Pdd5a3183578,578.0,2019-05-11,44714.0,44066.0
579,C50c2e82ddd50579,1.0,2020-02-25,2020-05-14,0.0,4061.0,Pdd5b73ba579,579.0,2020-08-24,44578.0,13037.0
580,C50c2e82ddd50580,0.0,2022-09-26,2022-10-01,0.0,1646.0,Pdd5b73bd580,580.0,2022-11-27,31580.0,7263.0
581,C50c2e82ddd50581,1.0,2018-04-05,2018-05-26,4.0,1700.0,Pdd5b73c0581,581.0,2021-10-25,18980.0,5125.0
584,C50c2e82ddd50584,0.0,2016-10-01,2016-12-25,3.0,1564.0,Pdd5b73c7584,584.0,2021-01-20,42957.0,33363.0
585,C50c2e82ddd50585,1.0,2006-09-12,2006-09-14,3.0,4674.0,Pdd5bcb8a585,585.0,2011-06-16,32662.0,19250.0
586,C50c2e82ddd50586,0.0,2018-11-02,2018-11-03,3.0,4490.0,Pdd5bcb8d586,586.0,2019-10-26,18333.0,3091.0
587,C50c2e82ddd50587,1.0,2021-06-20,2021-10-13,2.0,2200.0,Pdd5bcb90587,587.0,2021-02-20,22204.0,10021.0
589,C50c2e82ddd50589,0.0,2001-08-07,2001-09-28,0.0,3911.0,Pdd5bcb95589,589.0,2018-08-27,32746.0,31180.0
590,C50c2e82ddd50590,0.0,2005-01-03,2005-03-24,3.0,4516.0,Pdd5bcb98590,590.0,2004-04-16,26132.0,18957.0
591,C50c2e82ddd50591,0.0,2015-06-15,2015-08-15,5.0,3335.0,Pdd5bcb9b591,591.0,2020-11-05,41364.0,34611.0
593,C50c2e82ddd50593,1.0,2018-06-10,2018-06-30,1.0,3290.0,Pdd5bcba0593,593.0,2018-09-05,45116.0,13492.0
594,C50c2e82ddd50594,1.0,2010-02-22,2010-03-08,0.0,718.0,Pdd5bcba3594,594.0,2013-06-25,9581.0,5602.0
597,C50c2e82ddd50597,1.0,2015-06-29,2015-07-13,3.0,4367.0,Pdd5bcbaa597,597.0,2020-05-16,39220.0,7976.0
598,C50c2e82ddd50598,1.0,2022-08-24,2022-09-29,3.0,611.0,Pdd5bcbad598,598.0,2022-12-25,15040.0,6834.0
599,C50c2e82ddd50599,1.0,2009-08-24,2009-11-13,3.0,4029.0,Pdd5bcbb0599,599.0,2018-04-09,13266.0,1521.0
602,C50c2e82ddd50602,1.0,2013-05-31,2013-08-02,4.0,2862.0,Pdd5bcbb7602,602.0,2020-01-20,7861.0,6665.0
603,C50c2e82ddd50603,0.0,2016-06-04,2016-09-20,1.0,1617.0,Pdd5bcbba603,603.0,2020-03-14,39299.0,20945.0
614,C50c2e82ddd50614,1.0,2013-06-30,2013-08-07,3.0,4694.0,Pdd5d04ff614,614.0,2015-03-06,33439.0,8107.0
616,C50c2e82ddd50616,1.0,2019-03-02,2019-08-13,0.0,1724.0,Pdd5d5347616,616.0,2019-05-22,27380.0,6306.0
617,C50c2e82ddd50617,1.0,2019-03-05,2019-03-08,4.0,3031.0,Pdd5d5d41617,617.0,2020-01-09,15174.0,6348.0
618,C50c2e82ddd50618,0.0,2005-12-17,2006-04-27,1.0,3741.0,Pdd5d5d44618,618.0,2017-06-27,47914.0,11634.0
619,C50c2e82ddd50619,0.0,2016-03-01,2016-05-08,4.0,275.0,Pdd5d5d47619,619.0,2017-08-11,3493.0,3112.0
620,C50c2e82ddd50620,0.0,2007-05-06,2007-07-01,4.0,4934.0,Pdd5d5d4a620,620.0,2010-01-21,26518.0,1864.0
621,C50c2e82ddd50621,0.0,2015-10-16,2015-11-23,4.0,2026.0,Pdd5d5d4d621,621.0,2022-12-09,49997.0,44746.0
625,C50c2e82ddd50625,1.0,2018-09-07,2018-09-17,1.0,1641.0,Pdd5d5d56625,625.0,2020-12-20,43289.0,3016.0
626,C50c2e82ddd50626,0.0,2019-12-19,2020-06-18,2.0,2574.0,Pdd5d5d59626,626.0,2019-01-16,26477.0,13484.0
627,C50c2e82ddd50627,1.0,2020-07-29,2020-09-05,2.0,508.0,Pdd5d5d5c627,627.0,2022-08-15,33692.0,12878.0
629,C50c2e82ddd50629,0.0,2016-08-09,2016-08-26,3.0,1832.0,Pdd5d5d61629,629.0,2022-06-07,33018.0,23765.0
631,C50c2e82ddd50631,1.0,2015-05-30,2015-06-26,5.0,339.0,Pdd5d5d66631,631.0,2019-02-22,17107.0,7549.0
634,C50c2e82ddd50634,1.0,2022-06-02,2022-08-31,0.0,3340.0,Pdd5d5d6d634,634.0,2022-10-13,11885.0,4261.0
635,C50c2e82ddd50635,0.0,2018-11-05,2019-01-24,4.0,4789.0,Pdd5d5d70635,635.0,2020-04-07,12460.0,11497.0
636,C50c2e82ddd50636,1.0,2005-07-19,2005-10-16,0.0,4590.0,Pdd5d5d73636,636.0,2016-09-26,33861.0,17152.0
637,C50c2e82ddd50637,0.0,2015-04-30,2015-06-16,3.0,3121.0,Pdd5d5d76637,637.0,2015-07-26,40292.0,31928.0
638,C50c2e82ddd50638,0.0,2022-09-11,2022-09-14,2.0,200.0,Pdd5d5d79638,638.0,2022-11-27,17082.0,10730.0
639,C50c2e82ddd50639,1.0,2022-11-28,2023-03-26,3.0,4128.0,Pdd5e9fbc639,639.0,2022-10-01,21349.0,9871.0
641,C50c2e82ddd50641,0.0,2022-11-10,2023-01-29,2.0,3806.0,Pdd5e9fc1641,641.0,2022-03-06,47715.0,34114.0
642,C50c2e82ddd50642,0.0,2015-10-07,2015-10-17,5.0,2255.0,Pdd5e9fc4642,642.0,2020-01-28,12667.0,8263.0
643,C50c2e82ddd50643,1.0,2019-12-07,2019-12-19,1.0,2137.0,Pdd5eee82643,643.0,2022-05-18,34074.0,30540.0
644,C50c2e82ddd50644,0.0,2020-06-11,2020-09-30,5.0,2048.0,Pdd5eee85644,644.0,2022-06-19,49452.0,2121.0
646,C50c2e82ddd50646,0.0,2001-07-15,2001-07-30,4.0,2396.0,Pdd5eee8a646,646.0,2008-04-16,7072.0,5932.0
649,C50c2e82ddd50649,0.0,2022-04-08,2022-09-28,3.0,249.0,Pdd5eee91649,649.0,2021-09-09,43568.0,869.0
650,C50c2e82ddd50650,0.0,2021-12-22,2022-01-06,0.0,4871.0,Pdd5eee94650,650.0,2022-02-03,37943.0,17181.0
651,C50c2e82ddd50651,0.0,2022-11-30,2023-01-06,3.0,3476.0,Pdd5eee97651,651.0,2022-03-20,5431.0,5142.0
654,C50c2e82ddd50654,1.0,2017-10-10,2017-11-08,1.0,4920.0,Pdd5eee9e654,654.0,2021-11-26,1387.0,1096.0
655,C50c2e82ddd50655,0.0,2020-08-06,2020-12-03,5.0,2165.0,Pdd5eeea1655,655.0,2021-04-14,34980.0,18250.0
656,C50c2e82ddd50656,0.0,2004-04-04,2004-05-11,0.0,3582.0,Pdd5eeea4656,656.0,2021-01-01,2530.0,517.0
657,C50c2e82ddd50657,0.0,2013-04-14,2013-04-25,3.0,3230.0,Pdd5eeea7657,657.0,2015-01-19,14963.0,738.0
658,C50c2e82ddd50658,1.0,2021-05-19,2021-06-05,5.0,3519.0,Pdd5eeeaa658,658.0,2022-06-19,35967.0,13616.0
659,C50c2e82ddd50659,1.0,2018-03-28,2018-04-12,4.0,4583.0,Pdd5eeead659,659.0,2022-05-18,42299.0,13590.0
661,C50c2e82ddd50661,1.0,2021-12-31,2022-02-22,4.0,2468.0,Pdd5eeeb2661,661.0,2022-02-21,5622.0,2103.0
662,C50c2e82ddd50662,0.0,2020-03-24,2020-08-18,2.0,3132.0,Pdd5eeeb5662,662.0,2020-05-20,8024.0,6821.0
663,C50c2e82ddd50663,1.0,2020-08-10,2020-08-24,3.0,130.0,Pdd5eeeb8663,663.0,2020-08-05,47701.0,9546.0
664,C50c2e82ddd50664,0.0,2022-11-08,2023-03-31,2.0,4704.0,Pdd5eeebb664,664.0,2022-03-07,36872.0,25884.0
667,C50c2e82ddd50667,1.0,2007-10-21,2007-11-02,3.0,4230.0,Pdd603108667,667.0,2019-03-21,30978.0,25961.0
670,C50c2e82ddd50670,0.0,2021-12-09,2021-12-13,3.0,696.0,Pdd608024670,670.0,2022-09-04,6861.0,6348.0
672,C50c2e82ddd50672,0.0,2020-10-28,2020-11-29,5.0,2490.0,Pdd608029672,672.0,2021-07-04,8788.0,8737.0
673,C50c2e82ddd50673,1.0,2022-12-07,2023-10-26,5.0,363.0,Pdd60802c673,673.0,2022-07-18,26116.0,8958.0
674,C50c2e82ddd50674,0.0,2022-09-23,2022-12-26,1.0,2394.0,Pdd60802f674,674.0,2022-08-27,13079.0,6783.0
677,C50c2e82ddd50677,0.0,2013-03-04,2013-03-05,0.0,4063.0,Pdd608036677,677.0,2015-01-16,40630.0,35210.0
678,C50c2e82ddd50678,1.0,2019-08-23,2020-01-30,2.0,3888.0,Pdd608039678,678.0,2021-10-13,5067.0,1203.0
680,C50c2e82ddd50680,1.0,2017-10-12,2017-10-20,0.0,2073.0,Pdd60803e680,680.0,2018-02-23,46060.0,11207.0
681,C50c2e82ddd50681,1.0,2022-03-26,2022-04-05,3.0,4711.0,Pdd608041681,681.0,2022-01-20,12921.0,9893.0
683,C50c2e82ddd50683,0.0,2017-01-21,2017-03-04,4.0,4814.0,Pdd608046683,683.0,2019-09-15,41180.0,14426.0
684,C50c2e82ddd50684,0.0,2014-01-26,2014-04-07,0.0,4466.0,Pdd608049684,684.0,2013-08-25,49813.0,26543.0
685,C50c2e82ddd50685,0.0,2007-05-30,2007-06-25,1.0,1345.0,Pdd60804c685,685.0,2016-06-28,4338.0,1282.0
686,C50c2e82ddd50686,1.0,2017-09-22,2017-09-26,5.0,680.0,Pdd60804f686,686.0,2022-11-17,20813.0,1365.0
688,C50c2e82ddd50688,1.0,2022-04-26,2022-06-12,5.0,3069.0,Pdd608054688,688.0,2022-05-20,5867.0,1758.0
690,C50c2e82ddd50690,1.0,2012-06-05,2012-06-10,4.0,1153.0,Pdd61c267690,690.0,2022-01-19,10816.0,620.0
692,C50c2e82ddd50692,1.0,2015-11-23,2015-12-08,0.0,2003.0,Pdd61c26c692,692.0,2021-11-14,15078.0,4453.0
695,C50c2e82ddd50695,0.0,2020-03-05,2020-03-16,5.0,560.0,Pdd61c273695,695.0,2021-09-10,37070.0,20190.0
696,C50c2e82ddd50696,1.0,2008-12-02,2009-01-14,0.0,4620.0,Pdd6210bb696,696.0,2017-02-23,21838.0,16494.0
698,C50c2e82ddd50698,1.0,2015-10-29,2016-02-13,4.0,3467.0,Pdd621b51698,698.0,2019-12-10,8095.0,3378.0
701,C50c2e82ddd50701,0.0,2012-09-29,2012-12-14,0.0,2752.0,Pdd621b58701,701.0,2013-03-14,35399.0,14896.0
702,C50c2e82ddd50702,1.0,2023-02-18,2023-04-03,0.0,4597.0,Pdd621b5b702,702.0,2022-11-18,31696.0,22749.0
706,C50c2e82ddd50706,1.0,2018-03-23,2018-03-23,4.0,2584.0,Pdd621b64706,706.0,2019-07-19,1880.0,1429.0
707,C50c2e82ddd50707,1.0,2016-08-24,2016-09-06,0.0,3158.0,Pdd621b67707,707.0,2017-09-05,21459.0,2475.0
708,C50c2e82ddd50708,0.0,2020-03-02,2020-06-26,1.0,1958.0,Pdd621b6a708,708.0,2019-05-10,29932.0,1341.0
709,C50c2e82ddd50709,1.0,2004-03-21,2004-06-21,3.0,911.0,Pdd621b6d709,709.0,2014-12-23,40360.0,30666.0
711,C50c2e82ddd50711,0.0,2018-11-02,2018-11-17,0.0,3094.0,Pdd621b72711,711.0,2021-10-05,3906.0,3423.0
715,C50c2e82ddd50715,1.0,2022-03-06,2022-11-20,4.0,4882.0,Pdd621b7b715,715.0,2022-12-16,38928.0,3374.0
716,C50c2e82ddd50716,1.0,2022-12-24,2023-04-15,5.0,2530.0,Pdd621b7e716,716.0,2022-10-10,37778.0,5076.0
719,C50c2e82ddd50719,1.0,2015-02-05,2015-04-06,1.0,2268.0,Pdd621b85719,719.0,2017-09-16,33907.0,32728.0
721,C50c2e82ddd50721,1.0,2020-03-15,2020-05-25,1.0,3271.0,Pdd621b8a721,721.0,2021-08-10,39152.0,31353.0
722,C50c2e82ddd50722,1.0,2021-12-15,2022-01-04,1.0,503.0,Pdd635ede722,722.0,2021-03-17,49632.0,10839.0
727,C50c2e82ddd50727,0.0,2006-11-01,2007-01-22,1.0,1327.0,Pdd635ee9727,727.0,2020-02-13,19556.0,15571.0
729,C50c2e82ddd50729,0.0,2013-09-11,2013-10-17,1.0,2968.0,Pdd63ada2729,729.0,2013-09-25,25000.0,22213.0
730,C50c2e82ddd50730,0.0,2021-07-07,2021-09-23,0.0,3522.0,Pdd63ada5730,730.0,2021-12-08,27931.0,20816.0
731,C50c2e82ddd50731,0.0,2014-08-16,2014-08-20,0.0,4995.0,Pdd63ada8731,731.0,2021-03-16,40636.0,38040.0
732,C50c2e82ddd50732,0.0,2020-08-07,2020-09-01,1.0,278.0,Pdd63adab732,732.0,2022-11-16,38445.0,1920.0
733,C50c2e82ddd50733,1.0,2023-04-25,2023-05-03,4.0,1483.0,Pdd63adae733,733.0,2022-10-03,30557.0,26080.0
734,C50c2e82ddd50734,0.0,2016-05-27,2016-08-13,0.0,1828.0,Pdd63adb1734,734.0,2022-06-17,30728.0,26773.0
735,C50c2e82ddd50735,1.0,2007-09-29,2008-03-21,0.0,1363.0,Pdd63adb4735,735.0,2016-07-25,41365.0,27882.0
737,C50c2e82ddd50737,1.0,2022-05-09,2022-09-09,0.0,3526.0,Pdd63adb9737,737.0,2022-08-07,13665.0,5885.0
739,C50c2e82ddd50739,0.0,2013-08-17,2013-10-20,3.0,1569.0,Pdd63adbe739,739.0,2016-07-14,9065.0,4262.0
740,C50c2e82ddd50740,1.0,2022-01-22,2022-01-25,4.0,2100.0,Pdd63adc1740,740.0,2022-04-01,3439.0,2450.0
742,C50c2e82ddd50742,0.0,2007-11-29,2007-12-30,5.0,1727.0,Pdd63adc6742,742.0,2011-12-03,12971.0,4554.0
743,C50c2e82ddd50743,0.0,2014-06-20,2014-07-05,5.0,4790.0,Pdd63adc9743,743.0,2015-12-25,25416.0,3050.0
745,C50c2e82ddd50745,1.0,2020-09-05,2020-09-12,0.0,3469.0,Pdd63adce745,745.0,2021-02-28,35899.0,25175.0
751,C50c2e82ddd50751,0.0,2002-10-06,2002-11-07,0.0,822.0,Pdd64f25d751,751.0,2020-10-26,12874.0,9955.0
752,C50c2e82ddd50752,1.0,2017-01-04,2017-02-14,0.0,800.0,Pdd64f260752,752.0,2020-03-18,34585.0,6248.0
753,C50c2e82ddd50753,0.0,2010-09-06,2010-10-05,1.0,4072.0,Pdd64f263753,753.0,2021-03-21,33863.0,19890.0
755,C50c2e82ddd50755,1.0,2011-06-21,2011-07-22,0.0,1675.0,Pdd64f268755,755.0,2021-10-12,3977.0,3516.0
757,C50c2e82ddd50757,0.0,2019-01-20,2019-01-26,5.0,4071.0,Pdd6540b3757,757.0,2019-07-10,39097.0,15969.0
758,C50c2e82ddd50758,0.0,2022-07-27,2022-10-11,2.0,1225.0,Pdd6550f0758,758.0,2022-12-15,46955.0,4256.0
759,C50c2e82ddd50759,0.0,2023-03-20,2023-03-24,3.0,775.0,Pdd6550f3759,759.0,2022-01-13,14581.0,8010.0
762,C50c2e82ddd50762,1.0,2022-10-27,2022-12-23,4.0,3762.0,Pdd6550fa762,762.0,2022-04-21,31310.0,23150.0
765,C50c2e82ddd50765,0.0,2013-08-02,2013-08-04,1.0,2417.0,Pdd655101765,765.0,2013-08-01,14326.0,12184.0
767,C50c2e82ddd50767,0.0,2001-06-18,2001-07-13,3.0,3044.0,Pdd655106767,767.0,2013-10-04,18555.0,8516.0
768,C50c2e82ddd50768,0.0,2022-04-08,2022-07-05,1.0,2459.0,Pdd655109768,768.0,2022-01-03,8141.0,7667.0
771,C50c2e82ddd50771,1.0,2022-06-14,2022-07-02,2.0,2579.0,Pdd655110771,771.0,2021-05-07,35555.0,24878.0
773,C50c2e82ddd50773,1.0,2023-08-28,2023-09-04,5.0,3887.0,Pdd655115773,773.0,2022-02-18,2171.0,1450.0
775,C50c2e82ddd50775,0.0,2019-03-06,2019-06-04,0.0,2611.0,Pdd65511a775,775.0,2021-10-02,19346.0,19343.0
777,C50c2e82ddd50777,1.0,2019-08-07,2019-08-18,2.0,1067.0,Pdd65511f777,777.0,2022-07-28,43211.0,23893.0
779,C50c2e82ddd50779,0.0,2019-08-28,2019-09-26,0.0,1890.0,Pdd655124779,779.0,2020-08-03,30308.0,21826.0
782,C50c2e82ddd50782,0.0,2019-05-24,2019-07-02,2.0,1601.0,Pdd65512b782,782.0,2019-05-12,1688.0,1426.0
788,C50c2e82ddd50788,1.0,2020-10-30,2020-10-31,4.0,4000.0,Pdd668b0e788,788.0,2022-04-27,32423.0,30997.0
792,C50c2e82ddd50792,1.0,2021-09-10,2021-09-22,2.0,826.0,Pdd66da3c792,792.0,2021-02-08,43321.0,13974.0
795,C50c2e82ddd50795,0.0,2017-06-12,2017-06-12,4.0,3387.0,Pdd66da43795,795.0,2021-07-26,6526.0,4808.0
798,C50c2e82ddd50798,0.0,2005-07-03,2005-09-27,2.0,1708.0,Pdd66da4a798,798.0,2005-11-14,24480.0,19105.0
800,C50c2e82ddd50800,0.0,2010-05-28,2010-07-08,0.0,1916.0,Pdd66da4f800,800.0,2017-11-18,4237.0,3597.0
803,C50c2e82ddd50803,1.0,2023-04-11,2023-05-11,3.0,1396.0,Pdd66da56803,803.0,2022-10-27,9852.0,7208.0
804,C50c2e82ddd50804,1.0,2021-09-16,2021-09-20,5.0,2239.0,Pdd66da59804,804.0,2021-02-23,2147.0,711.0
805,C50c2e82ddd50805,0.0,2022-02-01,2022-02-05,1.0,2147.0,Pdd66da5c805,805.0,2022-11-17,47232.0,5810.0
806,C50c2e82ddd50806,0.0,2019-03-04,2019-11-07,5.0,4636.0,Pdd66da5f806,806.0,2021-06-09,3216.0,1504.0
807,C50c2e82ddd50807,1.0,2023-03-22,2023-05-04,1.0,3121.0,Pdd66da62807,807.0,2022-10-25,49609.0,46582.0
808,C50c2e82ddd50808,1.0,2014-12-24,2014-12-29,2.0,2494.0,Pdd66da65808,808.0,2021-07-14,29034.0,20463.0
813,C50c2e82ddd50813,0.0,2010-09-20,2010-10-09,5.0,1378.0,Pdd66da70813,813.0,2014-05-19,18604.0,7430.0
816,C50c2e82ddd50816,1.0,2014-09-23,2014-10-15,4.0,536.0,Pdd6813d3816,816.0,2022-03-23,2361.0,1428.0
819,C50c2e82ddd50819,0.0,2006-03-14,2006-05-22,4.0,4619.0,Pdd6813da819,819.0,2009-10-16,36238.0,27222.0
822,C50c2e82ddd50822,1.0,2021-07-08,2021-07-10,2.0,4355.0,Pdd686301822,822.0,2021-06-04,41732.0,2774.0
823,C50c2e82ddd50823,1.0,2022-12-08,2023-02-01,1.0,3970.0,Pdd686304823,823.0,2022-03-24,34660.0,15747.0
826,C50c2e82ddd50826,1.0,2023-09-24,2023-09-24,3.0,2113.0,Pdd68630b826,826.0,2022-01-15,22768.0,21778.0
830,C50c2e82ddd50830,1.0,2018-08-28,2018-09-05,3.0,2956.0,Pdd686314830,830.0,2018-02-06,33372.0,5433.0
831,C50c2e82ddd50831,1.0,2016-10-03,2016-10-13,1.0,4778.0,Pdd686317831,831.0,2017-02-27,33585.0,9413.0
833,C50c2e82ddd50833,1.0,2021-05-28,2021-06-07,4.0,1736.0,Pdd68631c833,833.0,2021-05-09,12238.0,6259.0
835,C50c2e82ddd50835,0.0,2014-01-30,2014-02-02,2.0,482.0,Pdd686321835,835.0,2019-05-26,15127.0,12769.0
837,C50c2e82ddd50837,1.0,2008-04-18,2008-08-28,4.0,1054.0,Pdd686326837,837.0,2010-09-09,28389.0,3242.0
838,C50c2e82ddd50838,0.0,2014-07-22,2014-07-31,4.0,1044.0,Pdd686329838,838.0,2021-06-01,37851.0,15471.0
839,C50c2e82ddd50839,1.0,2021-10-03,2021-10-09,1.0,2549.0,Pdd68632c839,839.0,2022-12-12,46881.0,40121.0
841,C50c2e82ddd50841,0.0,2021-07-31,2021-11-15,2.0,3954.0,Pdd686331841,841.0,2022-04-19,1977.0,1677.0
844,C50c2e82ddd50844,0.0,2017-02-22,2017-03-11,4.0,2988.0,Pdd686338844,844.0,2022-01-25,11531.0,1515.0
845,C50c2e82ddd50845,0.0,2019-03-04,2019-05-16,5.0,624.0,Pdd699bbb845,845.0,2020-07-20,11999.0,4682.0
847,C50c2e82ddd50847,1.0,2020-02-18,2020-05-17,0.0,893.0,Pdd69a60a847,847.0,2020-08-24,46894.0,37584.0
848,C50c2e82ddd50848,1.0,2016-08-15,2016-08-25,2.0,3361.0,Pdd69a60d848,848.0,2016-09-17,37538.0,22165.0
849,C50c2e82ddd50849,0.0,2006-05-18,2006-09-30,0.0,304.0,Pdd69a610849,849.0,2021-09-10,19890.0,17952.0
850,C50c2e82ddd50850,0.0,2017-07-06,2018-04-18,5.0,2219.0,Pdd69f4bb850,850.0,2019-06-12,38858.0,32510.0
852,C50c2e82ddd50852,0.0,2020-01-19,2020-02-26,0.0,719.0,Pdd69f4c0852,852.0,2021-10-01,36935.0,14724.0
853,C50c2e82ddd50853,0.0,2021-05-29,2021-06-30,2.0,1038.0,Pdd69f4c3853,853.0,2022-10-07,21175.0,4678.0
860,C50c2e82ddd50860,0.0,2020-09-16,2020-12-17,0.0,4730.0,Pdd69f4d2860,860.0,2021-06-01,20108.0,14084.0
861,C50c2e82ddd50861,1.0,2022-04-06,2022-05-05,0.0,3623.0,Pdd69f4d5861,861.0,2022-05-21,43802.0,7480.0
862,C50c2e82ddd50862,0.0,2012-02-07,2012-06-09,2.0,1201.0,Pdd69f4d8862,862.0,2017-11-04,1512.0,737.0
863,C50c2e82ddd50863,0.0,2017-05-29,2017-09-28,1.0,3951.0,Pdd69f4db863,863.0,2021-06-19,1162.0,609.0
865,C50c2e82ddd50865,1.0,2012-04-07,2012-05-27,4.0,329.0,Pdd69f4e0865,865.0,2013-03-12,43027.0,3331.0
868,C50c2e82ddd50868,0.0,2018-06-23,2018-07-04,3.0,4194.0,Pdd69f4e7868,868.0,2020-11-11,2341.0,956.0
869,C50c2e82ddd50869,1.0,2018-07-02,2018-09-01,2.0,2594.0,Pdd69f4ea869,869.0,2019-06-21,10648.0,9646.0
875,C50c2e82ddd50875,0.0,2014-11-06,2014-12-15,5.0,2688.0,Pdd69f4f7875,875.0,2022-11-09,13123.0,1817.0
877,C50c2e82ddd50877,1.0,2020-07-31,2020-11-09,2.0,1736.0,Pdd6b3752877,877.0,2020-12-09,30217.0,10740.0
883,C50c2e82ddd50883,1.0,2013-12-11,2014-02-12,1.0,308.0,Pdd6b375f883,883.0,2014-12-20,5373.0,2846.0
884,C50c2e82ddd50884,1.0,2016-07-20,2016-09-18,0.0,3221.0,Pdd6b8675884,884.0,2020-05-11,10290.0,507.0
885,C50c2e82ddd50885,1.0,2022-09-09,2022-09-17,5.0,4318.0,Pdd6b8678885,885.0,2022-06-08,15202.0,9589.0
886,C50c2e82ddd50886,0.0,2015-07-14,2015-08-26,1.0,1741.0,Pdd6b867b886,886.0,2015-11-03,47582.0,38622.0
888,C50c2e82ddd50888,1.0,2021-02-08,2021-03-14,0.0,3944.0,Pdd6b8680888,888.0,2022-11-28,21073.0,17155.0
889,C50c2e82ddd50889,0.0,2020-05-01,2020-06-18,2.0,4698.0,Pdd6b8683889,889.0,2020-05-07,49699.0,35601.0
890,C50c2e82ddd50890,0.0,2015-12-20,2016-06-30,2.0,3331.0,Pdd6b8686890,890.0,2018-11-22,41269.0,13430.0
894,C50c2e82ddd50894,0.0,2023-01-23,2023-02-13,1.0,2111.0,Pdd6b868f894,894.0,2022-05-13,46528.0,11273.0
895,C50c2e82ddd50895,0.0,2017-03-01,2017-05-13,3.0,2325.0,Pdd6b8692895,895.0,2020-06-14,44041.0,13869.0
896,C50c2e82ddd50896,0.0,2016-03-10,2016-03-19,5.0,4240.0,Pdd6b8695896,896.0,2018-04-14,42914.0,40260.0
897,C50c2e82ddd50897,0.0,2010-02-08,2010-03-05,4.0,339.0,Pdd6b8698897,897.0,2016-05-20,23346.0,1081.0
899,C50c2e82ddd50899,1.0,2017-08-01,2017-10-12,5.0,4829.0,Pdd6b869d899,899.0,2021-06-05,26658.0,8741.0
900,C50c2e82ddd50900,0.0,2022-06-20,2022-11-13,2.0,4776.0,Pdd6b86a0900,900.0,2022-08-11,28564.0,8356.0
903,C50c2e82ddd50903,0.0,2010-05-08,2010-08-31,3.0,990.0,Pdd6b86a7903,903.0,2011-09-03,42824.0,26276.0
904,C50c2e82ddd50904,0.0,2010-04-30,2010-05-12,4.0,2345.0,Pdd6b86aa904,904.0,2016-11-24,11001.0,7832.0
906,C50c2e82ddd50906,1.0,2019-12-28,2020-01-30,5.0,4591.0,Pdd6b86af906,906.0,2021-10-23,44345.0,14303.0
907,C50c2e82ddd50907,0.0,2017-08-24,2017-08-25,2.0,4390.0,Pdd6ccc55907,907.0,2017-05-23,21136.0,20652.0
908,C50c2e82ddd50908,0.0,2016-10-19,2016-10-26,1.0,2946.0,Pdd6ccc58908,908.0,2017-03-14,2941.0,2614.0
909,C50c2e82ddd50909,1.0,2008-12-22,2008-12-29,2.0,2176.0,Pdd6ccc5b909,909.0,2011-05-01,12788.0,8420.0
910,C50c2e82ddd50910,0.0,2008-06-27,2008-09-08,1.0,3932.0,Pdd6ccc5e910,910.0,2020-05-13,44671.0,26133.0
911,C50c2e82ddd50911,0.0,2021-07-12,2021-08-27,2.0,2396.0,Pdd6d1b00911,911.0,2022-10-24,2248.0,542.0
913,C50c2e82ddd50913,1.0,2004-11-15,2004-12-04,2.0,2027.0,Pdd6d1b05913,913.0,2004-12-11,15161.0,5077.0
914,C50c2e82ddd50914,1.0,2020-12-17,2021-01-09,1.0,386.0,Pdd6d1b08914,914.0,2022-03-20,44000.0,24717.0
915,C50c2e82ddd50915,1.0,2020-09-24,2020-11-25,5.0,3083.0,Pdd6d1b0b915,915.0,2022-10-14,5403.0,900.0
916,C50c2e82ddd50916,1.0,2016-03-09,2016-03-30,5.0,4994.0,Pdd6d1b0e916,916.0,2016-04-25,14130.0,13971.0
919,C50c2e82ddd50919,0.0,2017-12-12,2017-12-23,2.0,2608.0,Pdd6d1b15919,919.0,2021-05-21,1662.0,1193.0
920,C50c2e82ddd50920,1.0,2015-02-08,2015-02-17,3.0,489.0,Pdd6d1b18920,920.0,2014-08-17,38703.0,6297.0
921,C50c2e82ddd50921,0.0,2022-09-11,2022-11-13,0.0,396.0,Pdd6d1b1b921,921.0,2022-02-03,37188.0,21641.0
923,C50c2e82ddd50923,0.0,2012-03-26,2012-04-04,3.0,1443.0,Pdd6d1b20923,923.0,2018-03-19,44191.0,27451.0
926,C50c2e82ddd50926,0.0,2015-10-08,2015-10-10,1.0,2676.0,Pdd6d1b27926,926.0,2017-03-19,25550.0,17073.0
929,C50c2e82ddd50929,0.0,2022-10-23,2022-12-26,4.0,671.0,Pdd6d1b2e929,929.0,2022-05-13,42680.0,33179.0
930,C50c2e82ddd50930,1.0,2019-12-27,2020-05-31,5.0,1947.0,Pdd6d1b31930,930.0,2022-01-26,26257.0,10697.0
932,C50c2e82ddd50932,0.0,2019-01-17,2019-05-01,5.0,1102.0,Pdd6d1b36932,932.0,2021-06-24,13189.0,6821.0
933,C50c2e82ddd50933,0.0,2018-10-20,2019-02-18,3.0,2536.0,Pdd6d1b39933,933.0,2022-08-10,45151.0,13914.0
934,C50c2e82ddd50934,1.0,2012-12-12,2013-02-23,3.0,528.0,Pdd6e53b9934,934.0,2014-12-28,25611.0,20747.0
936,C50c2e82ddd50936,1.0,2022-06-03,2022-06-16,0.0,3744.0,Pdd6e5e03936,936.0,2022-12-14,45623.0,17319.0
939,C50c2e82ddd50939,0.0,2013-02-22,2013-04-11,1.0,850.0,Pdd6e5e0a939,939.0,2019-07-24,12347.0,11349.0
941,C50c2e82ddd50941,0.0,2023-03-19,2023-04-15,4.0,3615.0,Pdd6e5e0f941,941.0,2022-02-23,47901.0,33502.0
946,C50c2e82ddd50946,0.0,2020-02-09,2020-04-12,1.0,2127.0,Pdd6eb679946,946.0,2022-04-14,8782.0,3232.0
947,C50c2e82ddd50947,1.0,2021-08-29,2021-10-18,0.0,4505.0,Pdd6eb67c947,947.0,2021-12-22,4853.0,1384.0
949,C50c2e82ddd50949,0.0,2021-12-27,2022-01-26,5.0,3810.0,Pdd6eb681949,949.0,2022-04-15,45487.0,5457.0
950,C50c2e82ddd50950,0.0,2015-07-27,2015-08-30,3.0,4347.0,Pdd6eb684950,950.0,2019-10-15,49479.0,38689.0
951,C50c2e82ddd50951,0.0,2014-11-04,2015-04-04,3.0,3249.0,Pdd6eb687951,951.0,2017-06-14,30961.0,11066.0
953,C50c2e82ddd50953,1.0,2022-07-11,2022-07-16,1.0,2662.0,Pdd6eb68c953,953.0,2022-06-26,8132.0,4522.0
955,C50c2e82ddd50955,1.0,2022-01-26,2022-02-28,0.0,2924.0,Pdd6eb691955,955.0,2021-02-27,14943.0,8816.0
956,C50c2e82ddd50956,0.0,2021-03-16,2021-06-05,0.0,3097.0,Pdd6eb694956,956.0,2020-10-14,29417.0,21631.0
959,C50c2e82ddd50959,1.0,2018-08-10,2018-10-07,4.0,2813.0,Pdd6eb69b959,959.0,2021-09-26,43403.0,28172.0
960,C50c2e82ddd50960,0.0,2016-08-30,2016-09-03,1.0,4402.0,Pdd6eb69e960,960.0,2021-08-05,2678.0,649.0
963,C50c2e82ddd50963,1.0,2008-05-28,2008-07-25,0.0,1560.0,Pdd6eb6a5963,963.0,2014-02-05,45087.0,44686.0
965,C50c2e82ddd50965,1.0,2018-04-11,2018-04-21,5.0,3396.0,Pdd6eb6aa965,965.0,2020-09-08,40474.0,3290.0
966,C50c2e82ddd50966,0.0,2015-08-20,2015-09-06,5.0,4778.0,Pdd6ff02e966,966.0,2022-04-05,12328.0,5476.0
970,C50c2e82ddd50970,1.0,2016-03-31,2016-10-21,0.0,3855.0,Pdd6ff037970,970.0,2021-05-19,34171.0,12327.0
972,C50c2e82ddd50972,0.0,2023-04-14,2023-04-16,2.0,3832.0,Pdd703f37972,972.0,2022-05-23,6937.0,3224.0
974,C50c2e82ddd50974,1.0,2022-12-25,2023-01-08,2.0,3094.0,Pdd703f3c974,974.0,2022-05-19,49693.0,33914.0
976,C50c2e82ddd50976,1.0,2022-02-21,2022-03-12,4.0,3430.0,Pdd703f41976,976.0,2022-08-21,39709.0,1083.0
977,C50c2e82ddd50977,0.0,2017-11-12,2017-12-26,5.0,1795.0,Pdd703f44977,977.0,2018-05-22,9650.0,9463.0
980,C50c2e82ddd50980,1.0,2009-08-30,2009-09-16,3.0,1445.0,Pdd703f4b980,980.0,2013-06-16,12376.0,11564.0
981,C50c2e82ddd50981,0.0,2010-10-29,2010-11-08,5.0,3490.0,Pdd703f4e981,981.0,2012-12-24,24794.0,16297.0
982,C50c2e82ddd50982,0.0,2022-01-24,2022-03-21,2.0,2695.0,Pdd703f51982,982.0,2021-01-13,6915.0,3284.0
984,C50c2e82ddd50984,0.0,2010-10-17,2010-10-26,3.0,2153.0,Pdd703f56984,984.0,2022-07-04,8417.0,2153.0
988,C50c2e82ddd50988,0.0,2021-07-26,2021-08-22,3.0,3648.0,Pdd703f5f988,988.0,2021-04-11,13794.0,12064.0
990,C50c2e82ddd50990,1.0,2016-05-23,2016-06-10,0.0,118.0,Pdd703f64990,990.0,2017-01-07,25691.0,16939.0
993,C50c2e82ddd50993,0.0,2021-12-30,2022-04-07,1.0,4919.0,Pdd703f6b993,993.0,2021-03-21,37230.0,27828.0
996,C50c2e82ddd50996,1.0,2019-12-17,2019-12-28,1.0,4263.0,Pdd703f72996,996.0,2022-06-21,7079.0,2090.0
997,C50c2e82ddd50997,0.0,2006-09-17,2006-10-05,5.0,886.0,Pdd703f75997,997.0,2010-12-09,23366.0,16600.0
999,C50c2e82ddd50999,0.0,2013-03-29,2013-07-04,3.0,1755.0,Pdd718184999,999.0,2016-05-08,16883.0,8781.0
